team,opp_team,gamedate,game_number,offensive_rebounds,off_rebound_chances,oreb_pct
BOS,PHI,10/18/2022,1,10,39,0.256410256
PHI,BOS,10/18/2022,1,8,42,0.19047619
GSW,LAL,10/18/2022,1,16,57,0.280701754
LAL,GSW,10/18/2022,1,14,57,0.245614035
ORL,DET,10/19/2022,1,13,47,0.276595745
DET,ORL,10/19/2022,1,17,58,0.293103448
IND,WAS,10/19/2022,1,18,62,0.290322581
WAS,IND,10/19/2022,1,18,51,0.352941176
ATL,HOU,10/19/2022,1,6,47,0.127659574
HOU,ATL,10/19/2022,1,17,56,0.303571429
NOP,BKN,10/19/2022,1,24,56,0.428571429
BKN,NOP,10/19/2022,1,12,53,0.226415094
CHI,MIA,10/19/2022,1,17,56,0.303571429
MIA,CHI,10/19/2022,1,9,46,0.195652174
CLE,TOR,10/19/2022,1,8,41,0.195121951
TOR,CLE,10/19/2022,1,17,53,0.320754717
NYK,MEM,10/19/2022,1,22,68,0.323529412
MEM,NYK,10/19/2022,1,28,70,0.4
MIN,OKC,10/19/2022,1,18,60,0.3
OKC,MIN,10/19/2022,1,20,63,0.317460317
DAL,PHX,10/19/2022,1,10,46,0.217391304
PHX,DAL,10/19/2022,1,12,47,0.255319149
POR,SAC,10/19/2022,1,14,53,0.264150943
SAC,POR,10/19/2022,1,11,47,0.234042553
SAS,CHA,10/19/2022,1,18,61,0.295081967
CHA,SAS,10/19/2022,1,16,48,0.333333333
DEN,UTA,10/19/2022,1,11,44,0.25
UTA,DEN,10/19/2022,1,18,44,0.409090909
MIL,PHI,10/20/2022,1,11,52,0.211538462
PHI,MIL,10/20/2022,2,6,48,0.125
LAC,LAL,10/20/2022,1,13,46,0.282608696
LAL,LAC,10/20/2022,2,13,65,0.2
PHX,POR,10/21/2022,2,15,53,0.283018868
POR,PHX,10/21/2022,2,15,49,0.306122449
DEN,GSW,10/21/2022,2,12,42,0.285714286
GSW,DEN,10/21/2022,2,14,48,0.291666667
MIN,UTA,10/21/2022,2,25,61,0.409836066
UTA,MIN,10/21/2022,2,24,67,0.358208955
HOU,MEM,10/21/2022,2,20,56,0.357142857
MEM,HOU,10/21/2022,2,22,57,0.385964912
NYK,DET,10/21/2022,2,14,50,0.28
DET,NYK,10/21/2022,2,18,58,0.310344828
BOS,MIA,10/21/2022,2,13,38,0.342105263
MIA,BOS,10/21/2022,2,16,51,0.31372549
BKN,TOR,10/21/2022,2,13,47,0.276595745
TOR,BKN,10/21/2022,2,14,48,0.291666667
ATL,ORL,10/21/2022,2,14,49,0.285714286
ORL,ATL,10/21/2022,2,11,49,0.224489796
CHI,WAS,10/21/2022,2,11,48,0.229166667
WAS,CHI,10/21/2022,2,7,39,0.179487179
IND,SAS,10/21/2022,2,20,53,0.377358491
SAS,IND,10/21/2022,2,9,43,0.209302326
NOP,CHA,10/21/2022,2,20,48,0.416666667
CHA,NOP,10/21/2022,2,14,53,0.264150943
CLE,CHI,10/22/2022,2,13,38,0.342105263
CHI,CLE,10/22/2022,3,10,52,0.192307692
MIA,TOR,10/22/2022,3,11,40,0.275
TOR,MIA,10/22/2022,3,13,53,0.245283019
HOU,MIL,10/22/2022,3,19,61,0.31147541
MIL,HOU,10/22/2022,2,10,42,0.238095238
DAL,MEM,10/22/2022,2,21,48,0.4375
MEM,DAL,10/22/2022,3,10,49,0.204081633
DEN,OKC,10/22/2022,3,14,53,0.264150943
OKC,DEN,10/22/2022,2,15,56,0.267857143
LAC,SAC,10/22/2022,2,8,42,0.19047619
SAC,LAC,10/22/2022,2,10,48,0.208333333
BOS,ORL,10/22/2022,3,9,47,0.191489362
ORL,BOS,10/22/2022,3,17,53,0.320754717
IND,DET,10/22/2022,3,23,62,0.370967742
DET,IND,10/22/2022,3,23,62,0.370967742
PHI,SAS,10/22/2022,3,17,49,0.346938776
SAS,PHI,10/22/2022,3,17,49,0.346938776
LAL,POR,10/23/2022,3,12,53,0.226415094
POR,LAL,10/23/2022,3,16,49,0.326530612
ATL,CHA,10/23/2022,3,20,60,0.333333333
CHA,ATL,10/23/2022,3,17,47,0.361702128
CLE,WAS,10/23/2022,3,19,56,0.339285714
WAS,CLE,10/23/2022,3,14,49,0.285714286
NOP,UTA,10/23/2022,3,21,55,0.381818182
UTA,NOP,10/23/2022,3,19,56,0.339285714
MIN,OKC,10/23/2022,3,15,47,0.319148936
OKC,MIN,10/23/2022,3,15,57,0.263157895
GSW,SAC,10/23/2022,3,9,47,0.191489362
SAC,GSW,10/23/2022,3,18,53,0.339622642
LAC,PHX,10/23/2022,3,10,49,0.204081633
PHX,LAC,10/23/2022,3,16,51,0.31372549
IND,PHI,10/24/2022,4,21,55,0.381818182
PHI,IND,10/24/2022,4,9,44,0.204545455
HOU,UTA,10/24/2022,4,23,55,0.418181818
UTA,HOU,10/24/2022,4,22,54,0.407407407
NYK,ORL,10/24/2022,3,23,54,0.425925926
ORL,NYK,10/24/2022,4,15,51,0.294117647
BKN,MEM,10/24/2022,3,13,42,0.30952381
MEM,BKN,10/24/2022,4,22,51,0.431372549
BOS,CHI,10/24/2022,4,16,64,0.25
CHI,BOS,10/24/2022,4,14,46,0.304347826
MIN,SAS,10/24/2022,4,12,50,0.24
SAS,MIN,10/24/2022,4,21,62,0.338709677
DEN,POR,10/24/2022,4,12,49,0.244897959
POR,DEN,10/24/2022,4,11,40,0.275
MIA,TOR,10/24/2022,4,11,55,0.2
TOR,MIA,10/24/2022,4,12,53,0.226415094
NOP,DAL,10/25/2022,4,6,34,0.176470588
DAL,NOP,10/25/2022,3,13,42,0.30952381
WAS,DET,10/25/2022,4,11,43,0.255813953
DET,WAS,10/25/2022,4,14,56,0.25
LAC,OKC,10/25/2022,4,9,50,0.18
OKC,LAC,10/25/2022,4,26,71,0.366197183
GSW,PHX,10/25/2022,4,13,52,0.25
PHX,GSW,10/25/2022,4,19,50,0.38
CLE,ORL,10/26/2022,4,19,56,0.339285714
ORL,CLE,10/26/2022,5,12,48,0.25
ATL,DET,10/26/2022,4,16,48,0.333333333
DET,ATL,10/26/2022,5,16,52,0.307692308
NYK,CHA,10/26/2022,4,14,47,0.29787234
CHA,NYK,10/26/2022,4,17,54,0.314814815
PHI,TOR,10/26/2022,5,6,41,0.146341463
TOR,PHI,10/26/2022,5,8,40,0.2
MIL,BKN,10/26/2022,3,16,51,0.31372549
BKN,MIL,10/26/2022,4,12,55,0.218181818
MIN,SAS,10/26/2022,5,2,32,0.0625
SAS,MIN,10/26/2022,5,17,53,0.320754717
HOU,UTA,10/26/2022,5,18,61,0.295081967
UTA,HOU,10/26/2022,5,16,56,0.285714286
CHI,IND,10/26/2022,5,13,45,0.288888889
IND,CHI,10/26/2022,5,17,52,0.326923077
DEN,LAL,10/26/2022,5,10,52,0.192307692
LAL,DEN,10/26/2022,4,8,54,0.148148148
MIA,POR,10/26/2022,5,18,45,0.4
POR,MIA,10/26/2022,5,14,48,0.291666667
SAC,MEM,10/27/2022,4,9,44,0.204545455
MEM,SAC,10/27/2022,5,14,46,0.304347826
GSW,MIA,10/27/2022,5,21,47,0.446808511
MIA,GSW,10/27/2022,6,12,51,0.235294118
LAC,OKC,10/27/2022,5,12,40,0.3
OKC,LAC,10/27/2022,5,14,49,0.285714286
DAL,BKN,10/27/2022,4,10,44,0.227272727
BKN,DAL,10/27/2022,5,18,52,0.346153846
HOU,POR,10/28/2022,6,19,57,0.333333333
POR,HOU,10/28/2022,6,13,46,0.282608696
DEN,UTA,10/28/2022,6,19,54,0.351851852
UTA,DEN,10/28/2022,6,13,55,0.236363636
NOP,PHX,10/28/2022,5,13,48,0.270833333
PHX,NOP,10/28/2022,5,17,44,0.386363636
CHI,SAS,10/28/2022,6,20,54,0.37037037
SAS,CHI,10/28/2022,6,14,42,0.333333333
LAL,MIN,10/28/2022,5,16,54,0.296296296
MIN,LAL,10/28/2022,6,15,61,0.245901639
MIL,NYK,10/28/2022,4,24,69,0.347826087
NYK,MIL,10/28/2022,5,19,63,0.301587302
IND,WAS,10/28/2022,6,10,40,0.25
WAS,IND,10/28/2022,5,11,47,0.234042553
PHI,TOR,10/28/2022,6,8,39,0.205128205
TOR,PHI,10/28/2022,6,22,59,0.372881356
BOS,CLE,10/28/2022,5,9,44,0.204545455
CLE,BOS,10/28/2022,5,11,46,0.239130435
ORL,CHA,10/28/2022,6,7,46,0.152173913
CHA,ORL,10/28/2022,5,12,59,0.203389831
ATL,DET,10/28/2022,5,15,45,0.333333333
DET,ATL,10/28/2022,6,19,54,0.351851852
MIA,SAC,10/29/2022,7,14,53,0.264150943
SAC,MIA,10/29/2022,5,8,39,0.205128205
GSW,CHA,10/29/2022,6,13,58,0.224137931
CHA,GSW,10/29/2022,6,20,62,0.322580645
BKN,IND,10/29/2022,6,7,43,0.162790698
IND,BKN,10/29/2022,7,25,56,0.446428571
ATL,MIL,10/29/2022,6,15,51,0.294117647
MIL,ATL,10/29/2022,5,18,51,0.352941176
CHI,PHI,10/29/2022,7,10,45,0.222222222
PHI,CHI,10/29/2022,7,10,44,0.227272727
DAL,OKC,10/29/2022,5,17,59,0.288135593
OKC,DAL,10/29/2022,6,12,49,0.244897959
UTA,MEM,10/29/2022,7,13,44,0.295454545
MEM,UTA,10/29/2022,6,13,40,0.325
NOP,LAC,10/30/2022,6,17,48,0.354166667
LAC,NOP,10/30/2022,6,14,54,0.259259259
BOS,WAS,10/30/2022,6,8,44,0.181818182
WAS,BOS,10/30/2022,6,19,63,0.301587302
CLE,NYK,10/30/2022,6,14,50,0.28
NYK,CLE,10/30/2022,6,16,51,0.31372549
GSW,DET,10/30/2022,7,16,54,0.296296296
DET,GSW,10/30/2022,7,15,46,0.326086957
MIN,SAS,10/30/2022,7,22,63,0.349206349
SAS,MIN,10/30/2022,7,19,52,0.365384615
DAL,ORL,10/30/2022,6,8,46,0.173913043
ORL,DAL,10/30/2022,7,16,49,0.326530612
DEN,LAL,10/30/2022,7,16,57,0.280701754
LAL,DEN,10/30/2022,6,16,52,0.307692308
HOU,PHX,10/30/2022,7,19,51,0.37254902
PHX,HOU,10/30/2022,6,12,44,0.272727273
SAC,CHA,10/31/2022,6,16,48,0.333333333
CHA,SAC,10/31/2022,7,11,45,0.244444444
PHI,WAS,10/31/2022,8,7,41,0.170731707
WAS,PHI,10/31/2022,7,9,43,0.209302326
BKN,IND,10/31/2022,7,8,38,0.210526316
IND,BKN,10/31/2022,8,17,51,0.333333333
MIL,DET,10/31/2022,6,18,51,0.352941176
DET,MIL,10/31/2022,8,16,52,0.307692308
ATL,TOR,10/31/2022,7,12,47,0.255319149
TOR,ATL,10/31/2022,7,16,49,0.326530612
HOU,LAC,10/31/2022,8,16,57,0.280701754
LAC,HOU,10/31/2022,7,12,52,0.230769231
UTA,MEM,10/31/2022,8,12,50,0.24
MEM,UTA,10/31/2022,7,23,64,0.359375
CHI,BKN,11/1/2022,8,15,51,0.294117647
BKN,CHI,11/1/2022,8,7,40,0.175
GSW,MIA,11/1/2022,8,14,48,0.291666667
MIA,GSW,11/1/2022,8,14,48,0.291666667
ORL,OKC,11/1/2022,8,15,48,0.3125
OKC,ORL,11/1/2022,7,13,53,0.245283019
MIN,PHX,11/1/2022,8,19,52,0.365384615
PHX,MIN,11/1/2022,7,13,49,0.265306122
NOP,LAL,11/2/2022,7,12,58,0.206896552
LAL,NOP,11/2/2022,7,13,55,0.236363636
PHI,WAS,11/2/2022,9,9,48,0.1875
WAS,PHI,11/2/2022,8,7,35,0.2
MIA,SAC,11/2/2022,9,10,46,0.217391304
SAC,MIA,11/2/2022,7,9,47,0.191489362
BOS,CLE,11/2/2022,7,12,55,0.218181818
CLE,BOS,11/2/2022,7,12,59,0.203389831
ATL,NYK,11/2/2022,8,24,66,0.363636364
NYK,ATL,11/2/2022,7,16,54,0.296296296
CHI,CHA,11/2/2022,9,15,51,0.294117647
CHA,CHI,11/2/2022,8,16,60,0.266666667
HOU,LAC,11/2/2022,9,19,55,0.345454545
LAC,HOU,11/2/2022,8,10,45,0.222222222
MIL,DET,11/2/2022,7,16,52,0.307692308
DET,MIL,11/2/2022,9,6,46,0.130434783
DAL,UTA,11/2/2022,7,12,45,0.266666667
UTA,DAL,11/2/2022,9,15,46,0.326086957
SAS,TOR,11/2/2022,8,15,57,0.263157895
TOR,SAS,11/2/2022,8,15,49,0.306122449
POR,MEM,11/2/2022,7,18,56,0.321428571
MEM,POR,11/2/2022,8,12,47,0.255319149
DEN,OKC,11/3/2022,8,9,40,0.225
OKC,DEN,11/3/2022,8,11,50,0.22
GSW,ORL,11/3/2022,9,15,51,0.294117647
ORL,GSW,11/3/2022,9,15,43,0.348837209
PHX,POR,11/4/2022,8,14,47,0.29787234
POR,PHX,11/4/2022,8,15,43,0.348837209
MIL,MIN,11/4/2022,8,10,51,0.196078431
MIN,MIL,11/4/2022,9,11,57,0.192982456
NOP,GSW,11/4/2022,8,14,42,0.333333333
GSW,NOP,11/4/2022,10,7,37,0.189189189
DAL,TOR,11/4/2022,8,13,41,0.317073171
TOR,DAL,11/4/2022,9,23,51,0.450980392
LAC,SAS,11/4/2022,9,7,39,0.179487179
SAS,LAC,11/4/2022,9,9,53,0.169811321
MEM,CHA,11/4/2022,9,19,49,0.387755102
CHA,MEM,11/4/2022,9,14,56,0.25
BOS,CHI,11/4/2022,8,11,44,0.25
CHI,BOS,11/4/2022,10,9,42,0.214285714
BKN,WAS,11/4/2022,9,8,40,0.2
WAS,BKN,11/4/2022,9,12,55,0.218181818
NYK,PHI,11/4/2022,8,14,45,0.311111111
PHI,NYK,11/4/2022,10,20,65,0.307692308
MIA,IND,11/4/2022,10,12,50,0.24
IND,MIA,11/4/2022,9,8,46,0.173913043
CLE,DET,11/4/2022,8,13,39,0.333333333
DET,CLE,11/4/2022,10,12,52,0.230769231
LAL,UTA,11/4/2022,8,12,45,0.266666667
UTA,LAL,11/4/2022,10,19,52,0.365384615
BKN,CHA,11/5/2022,10,13,51,0.254901961
CHA,BKN,11/5/2022,10,19,55,0.345454545
ORL,SAC,11/5/2022,10,9,42,0.214285714
SAC,ORL,11/5/2022,8,8,51,0.156862745
ATL,NOP,11/5/2022,9,16,58,0.275862069
NOP,ATL,11/5/2022,9,24,64,0.375
BOS,NYK,11/5/2022,9,9,41,0.219512195
NYK,BOS,11/5/2022,9,14,45,0.311111111
PHX,POR,11/5/2022,9,15,48,0.3125
POR,PHX,11/5/2022,9,14,52,0.269230769
HOU,MIN,11/5/2022,10,18,48,0.375
MIN,HOU,11/5/2022,10,9,33,0.272727273
DEN,SAS,11/5/2022,9,13,37,0.351351351
SAS,DEN,11/5/2022,10,8,46,0.173913043
MIL,OKC,11/5/2022,9,21,53,0.396226415
OKC,MIL,11/5/2022,9,10,49,0.204081633
CLE,LAL,11/6/2022,9,14,49,0.285714286
LAL,CLE,11/6/2022,9,12,53,0.226415094
LAC,UTA,11/6/2022,10,10,47,0.212765957
UTA,LAC,11/6/2022,11,10,41,0.243902439
MEM,WAS,11/6/2022,10,16,55,0.290909091
WAS,MEM,11/6/2022,10,16,58,0.275862069
CHI,TOR,11/6/2022,11,17,49,0.346938776
TOR,CHI,11/6/2022,10,26,60,0.433333333
WAS,CHA,11/7/2022,11,12,42,0.285714286
CHA,WAS,11/7/2022,11,22,61,0.360655738
HOU,ORL,11/7/2022,11,18,46,0.391304348
ORL,HOU,11/7/2022,11,15,41,0.365853659
OKC,DET,11/7/2022,10,19,64,0.296875
DET,OKC,11/7/2022,11,24,58,0.413793103
NOP,IND,11/7/2022,10,14,50,0.28
IND,NOP,11/7/2022,10,13,45,0.288888889
PHI,PHX,11/7/2022,11,19,51,0.37254902
PHX,PHI,11/7/2022,10,8,43,0.186046512
ATL,MIL,11/7/2022,10,18,56,0.321428571
MIL,ATL,11/7/2022,10,12,51,0.235294118
MIA,POR,11/7/2022,11,9,46,0.195652174
POR,MIA,11/7/2022,10,5,35,0.142857143
CHI,TOR,11/7/2022,12,10,38,0.263157895
TOR,CHI,11/7/2022,11,8,51,0.156862745
BOS,MEM,11/7/2022,10,10,48,0.208333333
MEM,BOS,11/7/2022,11,12,52,0.230769231
DEN,SAS,11/7/2022,10,16,45,0.355555556
SAS,DEN,11/7/2022,11,11,43,0.255813953
MIN,NYK,11/7/2022,11,9,44,0.204545455
NYK,MIN,11/7/2022,10,16,52,0.307692308
DAL,BKN,11/7/2022,9,18,42,0.428571429
BKN,DAL,11/7/2022,11,16,47,0.340425532
GSW,SAC,11/7/2022,11,10,46,0.217391304
SAC,GSW,11/7/2022,9,13,57,0.228070175
LAL,UTA,11/7/2022,10,9,43,0.209302326
UTA,LAL,11/7/2022,12,16,45,0.355555556
CLE,LAC,11/7/2022,10,13,43,0.302325581
LAC,CLE,11/7/2022,11,4,43,0.093023256
CLE,SAC,11/9/2022,11,17,41,0.414634146
SAC,CLE,11/9/2022,10,5,37,0.135135135
POR,CHA,11/9/2022,11,13,40,0.325
CHA,POR,11/9/2022,12,22,60,0.366666667
DEN,IND,11/9/2022,11,13,47,0.276595745
IND,DEN,11/9/2022,11,14,53,0.264150943
ATL,UTA,11/9/2022,11,21,59,0.355932203
UTA,ATL,11/9/2022,13,16,54,0.296296296
DAL,ORL,11/9/2022,10,7,57,0.122807018
ORL,DAL,11/9/2022,12,10,40,0.25
BKN,NYK,11/9/2022,12,12,49,0.244897959
NYK,BKN,11/9/2022,11,14,63,0.222222222
BOS,DET,11/9/2022,11,9,43,0.209302326
DET,BOS,11/9/2022,12,18,55,0.327272727
HOU,TOR,11/9/2022,12,18,49,0.367346939
TOR,HOU,11/9/2022,12,29,63,0.46031746
NOP,CHI,11/9/2022,11,16,46,0.347826087
CHI,NOP,11/9/2022,13,7,44,0.159090909
MIN,PHX,11/9/2022,12,8,40,0.2
PHX,MIN,11/9/2022,11,15,50,0.3
MIL,OKC,11/9/2022,11,16,57,0.280701754
OKC,MIL,11/9/2022,11,19,64,0.296875
LAC,LAL,11/9/2022,12,8,43,0.186046512
LAL,LAC,11/9/2022,11,12,50,0.24
SAS,MEM,11/9/2022,12,18,54,0.333333333
MEM,SAS,11/9/2022,12,20,48,0.416666667
NOP,POR,11/10/2022,12,13,49,0.265306122
POR,NOP,11/10/2022,12,13,50,0.26
MIA,CHA,11/10/2022,12,10,55,0.181818182
CHA,MIA,11/10/2022,13,14,49,0.285714286
ATL,PHI,11/10/2022,12,12,50,0.24
PHI,ATL,11/10/2022,12,9,54,0.166666667
DAL,WAS,11/10/2022,11,10,54,0.185185185
WAS,DAL,11/10/2022,12,9,44,0.204545455
MIN,MEM,11/11/2022,13,10,44,0.227272727
MEM,MIN,11/11/2022,13,20,49,0.408163265
MIL,SAS,11/11/2022,12,28,71,0.394366197
SAS,MIL,11/11/2022,13,14,43,0.325581395
OKC,TOR,11/11/2022,12,18,44,0.409090909
TOR,OKC,11/11/2022,13,18,52,0.346153846
NYK,DET,11/11/2022,12,20,54,0.37037037
DET,NYK,11/11/2022,13,15,47,0.319148936
ORL,PHX,11/11/2022,13,11,40,0.275
PHX,ORL,11/11/2022,12,17,58,0.293103448
BOS,DEN,11/11/2022,12,12,41,0.292682927
DEN,BOS,11/11/2022,12,15,53,0.283018868
CLE,GSW,11/11/2022,12,17,57,0.298245614
GSW,CLE,11/11/2022,12,8,43,0.186046512
LAL,SAC,11/11/2022,12,17,48,0.354166667
SAC,LAL,11/11/2022,11,13,42,0.30952381
LAC,BKN,11/12/2022,13,15,53,0.283018868
BKN,LAC,11/12/2022,13,8,46,0.173913043
UTA,WAS,11/12/2022,14,11,51,0.215686275
WAS,UTA,11/12/2022,13,7,45,0.155555556
BOS,DET,11/12/2022,13,12,54,0.222222222
DET,BOS,11/12/2022,14,15,52,0.288461538
IND,TOR,11/12/2022,12,15,43,0.348837209
TOR,IND,11/12/2022,14,18,60,0.3
ATL,PHI,11/12/2022,13,20,52,0.384615385
PHI,ATL,11/12/2022,13,6,38,0.157894737
DAL,POR,11/12/2022,12,10,44,0.227272727
POR,DAL,11/12/2022,13,14,48,0.291666667
MIA,CHA,11/12/2022,13,12,46,0.260869565
CHA,MIA,11/12/2022,14,7,46,0.152173913
NOP,HOU,11/12/2022,13,13,46,0.282608696
HOU,NOP,11/12/2022,13,13,42,0.30952381
NYK,OKC,11/13/2022,13,16,51,0.31372549
OKC,NYK,11/13/2022,13,9,34,0.264705882
CLE,MIN,11/13/2022,13,17,55,0.309090909
MIN,CLE,11/13/2022,14,11,39,0.282051282
MEM,WAS,11/13/2022,14,20,60,0.333333333
WAS,MEM,11/13/2022,14,13,54,0.240740741
CHI,DEN,11/13/2022,14,10,42,0.238095238
DEN,CHI,11/13/2022,13,5,35,0.142857143
PHI,UTA,11/13/2022,14,11,46,0.239130435
UTA,PHI,11/13/2022,15,28,62,0.451612903
LAL,BKN,11/13/2022,13,15,48,0.3125
BKN,LAL,11/13/2022,14,12,48,0.25
GSW,SAC,11/13/2022,13,11,49,0.224489796
SAC,GSW,11/13/2022,12,13,48,0.270833333
TOR,DET,11/14/2022,15,13,42,0.30952381
DET,TOR,11/14/2022,15,18,48,0.375
ORL,CHA,11/14/2022,14,26,54,0.481481481
CHA,ORL,11/14/2022,15,18,48,0.375
BOS,OKC,11/14/2022,14,11,53,0.20754717
OKC,BOS,11/14/2022,14,14,53,0.264150943
HOU,LAC,11/14/2022,14,15,53,0.283018868
LAC,HOU,11/14/2022,14,12,42,0.285714286
MIA,PHX,11/14/2022,14,20,46,0.434782609
PHX,MIA,11/14/2022,13,25,52,0.480769231
ATL,MIL,11/14/2022,14,14,50,0.28
MIL,ATL,11/14/2022,13,17,52,0.326923077
GSW,SAS,11/14/2022,14,8,41,0.195121951
SAS,GSW,11/14/2022,14,28,67,0.417910448
DAL,LAC,11/15/2022,13,9,51,0.176470588
LAC,DAL,11/15/2022,15,4,33,0.121212121
NOP,MEM,11/15/2022,14,10,50,0.2
MEM,NOP,11/15/2022,15,17,57,0.298245614
NYK,UTA,11/15/2022,14,17,53,0.320754717
UTA,NYK,11/15/2022,16,16,49,0.326530612
POR,SAS,11/15/2022,14,11,40,0.275
SAS,POR,11/15/2022,15,13,45,0.288888889
BKN,SAC,11/15/2022,15,5,41,0.12195122
SAC,BKN,11/15/2022,13,14,41,0.341463415
GSW,PHX,11/16/2022,15,9,50,0.18
PHX,GSW,11/16/2022,14,8,43,0.186046512
IND,CHA,11/16/2022,13,8,39,0.205128205
CHA,IND,11/16/2022,16,19,51,0.37254902
MIN,ORL,11/16/2022,15,10,45,0.222222222
ORL,MIN,11/16/2022,15,16,51,0.31372549
OKC,WAS,11/16/2022,15,9,40,0.225
WAS,OKC,11/16/2022,15,13,42,0.30952381
ATL,BOS,11/16/2022,15,16,61,0.262295082
BOS,ATL,11/16/2022,15,7,40,0.175
MIA,TOR,11/16/2022,15,6,33,0.181818182
TOR,MIA,11/16/2022,16,19,45,0.422222222
CLE,MIL,11/16/2022,14,8,49,0.163265306
MIL,CLE,11/16/2022,14,20,51,0.392156863
NOP,CHI,11/16/2022,15,14,44,0.318181818
CHI,NOP,11/16/2022,15,11,47,0.234042553
DAL,HOU,11/16/2022,14,19,71,0.267605634
HOU,DAL,11/16/2022,15,12,41,0.292682927
DEN,NYK,11/16/2022,14,12,48,0.25
NYK,DEN,11/16/2022,15,12,51,0.235294118
LAC,DET,11/17/2022,16,15,50,0.3
DET,LAC,11/17/2022,16,15,59,0.254237288
SAC,SAS,11/17/2022,14,8,35,0.228571429
SAS,SAC,11/17/2022,16,9,40,0.225
BKN,POR,11/17/2022,16,8,39,0.205128205
POR,BKN,11/17/2022,15,17,61,0.278688525
GSW,NYK,11/18/2022,16,17,54,0.314814815
NYK,GSW,11/18/2022,16,17,58,0.293103448
PHX,UTA,11/18/2022,15,18,46,0.391304348
UTA,PHX,11/18/2022,17,14,46,0.304347826
BOS,NOP,11/18/2022,16,13,45,0.288888889
NOP,BOS,11/18/2022,16,8,45,0.177777778
DAL,DEN,11/18/2022,15,6,32,0.1875
DEN,DAL,11/18/2022,15,15,56,0.267857143
OKC,MEM,11/18/2022,16,11,53,0.20754717
MEM,OKC,11/18/2022,16,21,60,0.35
HOU,IND,11/18/2022,16,21,58,0.362068966
IND,HOU,11/18/2022,14,14,52,0.269230769
CHI,ORL,11/18/2022,16,15,50,0.3
ORL,CHI,11/18/2022,16,7,40,0.175
MIL,PHI,11/18/2022,15,12,53,0.226415094
PHI,MIL,11/18/2022,15,7,43,0.162790698
CLE,CHA,11/18/2022,15,10,47,0.212765957
CHA,CLE,11/18/2022,17,23,69,0.333333333
MIA,WAS,11/18/2022,16,17,66,0.257575758
WAS,MIA,11/18/2022,16,11,57,0.192982456
LAL,DET,11/18/2022,14,8,38,0.210526316
DET,LAL,11/18/2022,17,12,50,0.24
ATL,TOR,11/19/2022,16,12,50,0.24
TOR,ATL,11/19/2022,17,20,62,0.322580645
ORL,IND,11/19/2022,17,19,56,0.339285714
IND,ORL,11/19/2022,15,18,51,0.352941176
MIN,PHI,11/19/2022,16,11,48,0.229166667
PHI,MIN,11/19/2022,16,4,40,0.1
POR,UTA,11/19/2022,16,14,47,0.29787234
UTA,POR,11/19/2022,18,14,49,0.285714286
LAC,SAS,11/19/2022,17,10,40,0.25
SAS,LAC,11/19/2022,17,17,51,0.333333333
NYK,PHX,11/20/2022,17,14,53,0.264150943
PHX,NYK,11/20/2022,16,27,60,0.45
WAS,CHA,11/20/2022,17,18,55,0.327272727
CHA,WAS,11/20/2022,18,25,63,0.396825397
SAC,DET,11/20/2022,15,12,39,0.307692308
DET,SAC,11/20/2022,18,10,44,0.227272727
BKN,MEM,11/20/2022,17,5,36,0.138888889
MEM,BKN,11/20/2022,17,18,64,0.28125
CLE,MIA,11/20/2022,16,17,39,0.435897436
MIA,CLE,11/20/2022,17,13,50,0.26
DAL,DEN,11/20/2022,16,8,48,0.166666667
DEN,DAL,11/20/2022,16,10,43,0.23255814
GSW,HOU,11/20/2022,17,9,43,0.209302326
HOU,GSW,11/20/2022,17,16,51,0.31372549
LAL,SAS,11/20/2022,15,8,41,0.195121951
SAS,LAL,11/20/2022,18,16,69,0.231884058
ATL,CLE,11/21/2022,17,15,50,0.3
CLE,ATL,11/21/2022,17,4,29,0.137931034
BOS,CHI,11/21/2022,17,7,52,0.134615385
CHI,BOS,11/21/2022,17,13,47,0.276595745
NOP,GSW,11/21/2022,17,14,47,0.29787234
GSW,NOP,11/21/2022,18,8,47,0.170212766
MIA,MIN,11/21/2022,18,17,57,0.298245614
MIN,MIA,11/21/2022,17,9,48,0.1875
MIL,POR,11/21/2022,16,11,42,0.261904762
POR,MIL,11/21/2022,17,15,51,0.294117647
ORL,IND,11/21/2022,18,14,51,0.274509804
IND,ORL,11/21/2022,16,15,45,0.333333333
NYK,OKC,11/21/2022,18,19,50,0.38
OKC,NYK,11/21/2022,17,14,50,0.28
LAC,UTA,11/21/2022,18,16,45,0.355555556
UTA,LAC,11/21/2022,19,20,50,0.4
BKN,PHI,11/22/2022,18,8,38,0.210526316
PHI,BKN,11/22/2022,17,24,57,0.421052632
DEN,DET,11/22/2022,17,19,48,0.395833333
DET,DEN,11/22/2022,19,15,43,0.348837209
SAC,MEM,11/22/2022,16,15,53,0.283018868
MEM,SAC,11/22/2022,18,15,55,0.272727273
LAL,PHX,11/22/2022,16,10,52,0.192307692
PHX,LAL,11/22/2022,17,12,55,0.218181818
PHI,CHA,11/23/2022,18,13,49,0.265306122
CHA,PHI,11/23/2022,19,16,55,0.290909091
CLE,POR,11/23/2022,18,12,35,0.342857143
POR,CLE,11/23/2022,18,12,43,0.279069767
MIN,IND,11/23/2022,18,10,31,0.322580645
IND,MIN,11/23/2022,17,18,60,0.3
ATL,SAC,11/23/2022,18,13,52,0.25
SAC,ATL,11/23/2022,17,15,54,0.277777778
BOS,DAL,11/23/2022,18,8,39,0.205128205
DAL,BOS,11/23/2022,17,9,42,0.214285714
MIA,WAS,11/23/2022,19,18,56,0.321428571
WAS,MIA,11/23/2022,18,12,53,0.226415094
BKN,TOR,11/23/2022,19,9,38,0.236842105
TOR,BKN,11/23/2022,18,30,69,0.434782609
CHI,MIL,11/23/2022,18,7,46,0.152173913
MIL,CHI,11/23/2022,17,18,54,0.333333333
DEN,OKC,11/23/2022,18,20,50,0.4
OKC,DEN,11/23/2022,18,16,56,0.285714286
NOP,SAS,11/23/2022,18,11,41,0.268292683
SAS,NOP,11/23/2022,19,13,50,0.26
UTA,DET,11/23/2022,20,13,44,0.295454545
DET,UTA,11/23/2022,20,14,46,0.304347826
GSW,LAC,11/23/2022,19,15,50,0.3
LAC,GSW,11/23/2022,19,16,50,0.32
GSW,UTA,11/25/2022,20,21,50,0.42
UTA,GSW,11/25/2022,21,16,51,0.31372549
PHX,DET,11/25/2022,18,15,48,0.3125
DET,PHX,11/25/2022,21,21,54,0.388888889
LAL,SAS,11/25/2022,17,14,46,0.304347826
SAS,LAL,11/25/2022,20,22,64,0.34375
CHI,OKC,11/25/2022,19,16,58,0.275862069
OKC,CHI,11/25/2022,19,14,52,0.269230769
CLE,MIL,11/25/2022,19,14,54,0.259259259
MIL,CLE,11/25/2022,18,11,44,0.25
NOP,MEM,11/25/2022,19,14,50,0.28
MEM,NOP,11/25/2022,19,16,49,0.326530612
ATL,HOU,11/25/2022,19,9,48,0.1875
HOU,ATL,11/25/2022,18,25,49,0.510204082
MIA,WAS,11/25/2022,20,14,48,0.291666667
WAS,MIA,11/25/2022,19,19,56,0.339285714
BKN,IND,11/25/2022,20,6,42,0.142857143
IND,BKN,11/25/2022,18,9,46,0.195652174
BOS,SAC,11/25/2022,19,6,43,0.139534884
SAC,BOS,11/25/2022,18,17,53,0.320754717
NYK,POR,11/25/2022,19,19,60,0.316666667
POR,NYK,11/25/2022,19,16,49,0.326530612
ORL,PHI,11/25/2022,19,14,48,0.291666667
PHI,ORL,11/25/2022,19,15,44,0.340909091
MIN,CHA,11/25/2022,19,13,56,0.232142857
CHA,MIN,11/25/2022,20,15,52,0.288461538
DEN,LAC,11/25/2022,19,14,47,0.29787234
LAC,DEN,11/25/2022,20,7,36,0.194444444
DAL,TOR,11/26/2022,18,7,40,0.175
TOR,DAL,11/26/2022,19,20,53,0.377358491
HOU,OKC,11/26/2022,19,13,41,0.317073171
OKC,HOU,11/26/2022,20,18,61,0.295081967
LAL,SAS,11/26/2022,18,6,36,0.166666667
SAS,LAL,11/26/2022,21,18,55,0.327272727
PHX,UTA,11/26/2022,19,19,54,0.351851852
UTA,PHX,11/26/2022,22,10,43,0.23255814
BKN,POR,11/27/2022,21,5,38,0.131578947
POR,BKN,11/27/2022,20,14,48,0.291666667
GSW,MIN,11/27/2022,21,9,38,0.236842105
MIN,GSW,11/27/2022,20,10,52,0.192307692
LAC,IND,11/27/2022,21,21,54,0.388888889
IND,LAC,11/27/2022,19,12,59,0.203389831
ATL,MIA,11/27/2022,20,11,54,0.203703704
MIA,ATL,11/27/2022,21,7,44,0.159090909
BOS,WAS,11/27/2022,20,13,36,0.361111111
WAS,BOS,11/27/2022,20,9,41,0.219512195
CLE,DET,11/27/2022,20,15,47,0.319148936
DET,CLE,11/27/2022,22,15,49,0.306122449
NYK,MEM,11/27/2022,20,12,47,0.255319149
MEM,NYK,11/27/2022,20,21,53,0.396226415
ORL,PHI,11/27/2022,20,9,47,0.191489362
PHI,ORL,11/27/2022,20,7,29,0.24137931
DAL,MIL,11/27/2022,19,9,43,0.209302326
MIL,DAL,11/27/2022,19,11,40,0.275
ATL,PHI,11/28/2022,21,11,39,0.282051282
PHI,ATL,11/28/2022,21,11,47,0.234042553
MIN,WAS,11/28/2022,21,18,46,0.391304348
WAS,MIN,11/28/2022,21,8,40,0.2
BOS,CHA,11/28/2022,21,13,38,0.342105263
CHA,BOS,11/28/2022,21,15,46,0.326086957
BKN,ORL,11/28/2022,22,10,39,0.256410256
ORL,BKN,11/28/2022,21,12,47,0.255319149
CLE,TOR,11/28/2022,21,16,58,0.275862069
TOR,CLE,11/28/2022,20,12,47,0.255319149
NOP,OKC,11/28/2022,20,17,49,0.346938776
OKC,NOP,11/28/2022,21,21,58,0.362068966
DEN,HOU,11/28/2022,20,14,41,0.341463415
HOU,DEN,11/28/2022,20,17,50,0.34
CHI,UTA,11/28/2022,20,16,52,0.307692308
UTA,CHI,11/28/2022,23,10,47,0.212765957
PHX,SAC,11/28/2022,20,14,45,0.311111111
SAC,PHX,11/28/2022,19,9,44,0.204545455
LAL,IND,11/28/2022,19,18,56,0.321428571
IND,LAL,11/28/2022,20,21,63,0.333333333
NYK,DET,11/29/2022,21,18,44,0.409090909
DET,NYK,11/29/2022,23,8,45,0.177777778
DAL,GSW,11/29/2022,20,14,57,0.245614035
GSW,DAL,11/29/2022,22,11,47,0.234042553
LAC,POR,11/29/2022,22,19,53,0.358490566
POR,LAC,11/29/2022,21,14,50,0.28
LAL,POR,11/30/2022,20,16,52,0.307692308
POR,LAL,11/30/2022,22,14,51,0.274509804
IND,SAC,11/30/2022,21,15,65,0.230769231
SAC,IND,11/30/2022,20,13,48,0.270833333
LAC,UTA,11/30/2022,23,24,59,0.406779661
UTA,LAC,11/30/2022,24,16,39,0.41025641
CHI,PHX,11/30/2022,21,6,45,0.133333333
PHX,CHI,11/30/2022,21,12,45,0.266666667
DEN,HOU,11/30/2022,21,11,40,0.275
HOU,DEN,11/30/2022,21,17,53,0.320754717
SAS,OKC,11/30/2022,22,16,56,0.285714286
OKC,SAS,11/30/2022,22,16,49,0.326530612
NOP,TOR,11/30/2022,21,12,44,0.272727273
TOR,NOP,11/30/2022,21,9,49,0.183673469
MIN,MEM,11/30/2022,22,10,50,0.2
MEM,MIN,11/30/2022,21,27,55,0.490909091
MIL,NYK,11/30/2022,20,15,53,0.283018868
NYK,MIL,11/30/2022,22,23,62,0.370967742
CLE,PHI,11/30/2022,22,7,30,0.233333333
PHI,CLE,11/30/2022,22,10,46,0.217391304
ATL,ORL,11/30/2022,22,15,45,0.333333333
ORL,ATL,11/30/2022,22,7,43,0.162790698
BOS,MIA,11/30/2022,22,12,38,0.315789474
MIA,BOS,11/30/2022,22,12,43,0.279069767
BKN,WAS,11/30/2022,23,5,45,0.111111111
WAS,BKN,11/30/2022,22,20,54,0.37037037
DAL,DET,12/1/2022,21,6,47,0.127659574
DET,DAL,12/1/2022,24,16,46,0.347826087
CHI,GSW,12/2/2022,22,8,55,0.145454545
GSW,CHI,12/2/2022,23,11,50,0.22
IND,UTA,12/2/2022,22,13,57,0.228070175
UTA,IND,12/2/2022,25,12,41,0.292682927
HOU,PHX,12/2/2022,22,17,46,0.369565217
PHX,HOU,12/2/2022,22,13,42,0.30952381
NOP,SAS,12/2/2022,22,10,53,0.188679245
SAS,NOP,12/2/2022,23,16,62,0.258064516
PHI,MEM,12/2/2022,23,13,52,0.25
MEM,PHI,12/2/2022,22,22,58,0.379310345
LAL,MIL,12/2/2022,21,14,47,0.29787234
MIL,LAL,12/2/2022,21,12,47,0.255319149
CLE,ORL,12/2/2022,23,10,43,0.23255814
ORL,CLE,12/2/2022,23,13,43,0.302325581
BKN,TOR,12/2/2022,24,10,42,0.238095238
TOR,BKN,12/2/2022,22,14,53,0.264150943
BOS,MIA,12/2/2022,23,10,51,0.196078431
MIA,BOS,12/2/2022,23,15,57,0.263157895
ATL,DEN,12/2/2022,23,13,40,0.325
DEN,ATL,12/2/2022,22,12,45,0.266666667
WAS,CHA,12/2/2022,23,23,50,0.46
CHA,WAS,12/2/2022,22,21,59,0.355932203
POR,UTA,12/3/2022,23,13,49,0.265306122
UTA,POR,12/3/2022,26,11,49,0.224489796
GSW,HOU,12/3/2022,24,7,43,0.162790698
HOU,GSW,12/3/2022,23,18,52,0.346153846
OKC,MIN,12/3/2022,23,16,49,0.326530612
ORL,TOR,12/3/2022,24,9,41,0.219512195
TOR,ORL,12/3/2022,23,15,40,0.375
MIL,CHA,12/3/2022,22,10,46,0.217391304
CHA,MIL,12/3/2022,23,11,54,0.203703704
LAC,SAC,12/3/2022,24,23,62,0.370967742
SAC,LAC,12/3/2022,21,10,49,0.204081633
DAL,NYK,12/3/2022,22,17,59,0.288135593
NYK,DAL,12/3/2022,23,9,47,0.191489362
MIN,OKC,12/3/2022,23,16,45,0.355555556
IND,POR,12/4/2022,23,14,52,0.269230769
POR,IND,12/4/2022,24,14,47,0.29787234
CHI,SAC,12/4/2022,23,8,50,0.16
SAC,CHI,12/4/2022,22,11,47,0.234042553
LAL,WAS,12/4/2022,22,12,48,0.25
WAS,LAL,12/4/2022,24,15,58,0.25862069
CLE,NYK,12/4/2022,24,14,56,0.25
NYK,CLE,12/4/2022,24,19,53,0.358490566
MEM,DET,12/4/2022,23,16,51,0.31372549
DET,MEM,12/4/2022,25,13,50,0.26
BOS,BKN,12/4/2022,24,12,47,0.255319149
BKN,BOS,12/4/2022,25,13,54,0.240740741
PHX,SAS,12/4/2022,23,17,48,0.354166667
SAS,PHX,12/4/2022,24,16,50,0.32
NOP,DEN,12/4/2022,23,7,46,0.152173913
DEN,NOP,12/4/2022,23,12,43,0.279069767
GSW,IND,12/5/2022,25,16,60,0.266666667
IND,GSW,12/5/2022,24,16,52,0.307692308
DAL,PHX,12/5/2022,23,11,40,0.275
PHX,DAL,12/5/2022,24,21,54,0.388888889
MIA,MEM,12/5/2022,24,12,50,0.24
MEM,MIA,12/5/2022,24,10,48,0.208333333
HOU,PHI,12/5/2022,24,26,56,0.464285714
PHI,HOU,12/5/2022,24,15,53,0.283018868
BOS,TOR,12/5/2022,25,13,49,0.265306122
TOR,BOS,12/5/2022,24,15,51,0.294117647
ATL,OKC,12/5/2022,24,21,59,0.355932203
OKC,ATL,12/5/2022,24,15,52,0.288461538
MIL,ORL,12/5/2022,23,11,53,0.20754717
ORL,MIL,12/5/2022,25,18,60,0.3
LAC,CHA,12/5/2022,25,17,52,0.326923077
CHA,LAC,12/5/2022,24,16,54,0.296296296
DAL,DEN,12/6/2022,24,7,38,0.184210526
DEN,DAL,12/6/2022,24,10,42,0.238095238
MIA,DET,12/6/2022,25,11,46,0.239130435
DET,MIA,12/6/2022,26,12,46,0.260869565
CLE,LAL,12/6/2022,25,12,45,0.266666667
LAL,CLE,12/6/2022,23,17,54,0.314814815
BOS,PHX,12/7/2022,26,15,53,0.283018868
PHX,BOS,12/7/2022,25,16,58,0.275862069
NOP,DET,12/7/2022,24,14,49,0.285714286
DET,NOP,12/7/2022,27,13,57,0.228070175
MIN,IND,12/7/2022,24,22,49,0.448979592
IND,MIN,12/7/2022,25,7,45,0.155555556
MIL,SAC,12/7/2022,24,20,53,0.377358491
SAC,MIL,12/7/2022,23,10,49,0.204081633
OKC,MEM,12/7/2022,25,19,61,0.31147541
MEM,OKC,12/7/2022,25,13,48,0.270833333
CHI,WAS,12/7/2022,24,11,46,0.239130435
WAS,CHI,12/7/2022,25,10,46,0.217391304
LAL,TOR,12/7/2022,24,12,51,0.235294118
TOR,LAL,12/7/2022,25,23,62,0.370967742
ATL,NYK,12/7/2022,25,14,58,0.24137931
NYK,ATL,12/7/2022,25,16,48,0.333333333
BKN,CHA,12/7/2022,26,8,39,0.205128205
CHA,BKN,12/7/2022,25,12,46,0.260869565
LAC,ORL,12/7/2022,26,23,62,0.370967742
ORL,LAC,12/7/2022,26,19,57,0.333333333
GSW,UTA,12/7/2022,26,20,55,0.363636364
UTA,GSW,12/7/2022,27,11,41,0.268292683
DEN,POR,12/8/2022,25,18,47,0.382978723
POR,DEN,12/8/2022,25,15,47,0.319148936
HOU,SAS,12/8/2022,25,21,57,0.368421053
SAS,HOU,12/8/2022,25,9,38,0.236842105
LAC,MIA,12/8/2022,27,9,45,0.2
MIA,LAC,12/8/2022,26,8,45,0.177777778
DAL,MIL,12/9/2022,25,15,57,0.263157895
MIL,DAL,12/9/2022,25,17,51,0.333333333
MIN,UTA,12/9/2022,25,10,39,0.256410256
UTA,MIN,12/9/2022,28,12,53,0.226415094
NOP,PHX,12/9/2022,25,17,48,0.354166667
PHX,NOP,12/9/2022,26,12,44,0.272727273
MEM,DET,12/9/2022,26,17,57,0.298245614
DET,MEM,12/9/2022,28,17,56,0.303571429
LAL,PHI,12/9/2022,25,11,48,0.229166667
PHI,LAL,12/9/2022,25,12,43,0.279069767
CLE,SAC,12/9/2022,26,14,47,0.29787234
SAC,CLE,12/9/2022,24,5,36,0.138888889
ATL,BKN,12/9/2022,26,16,47,0.340425532
BKN,ATL,12/9/2022,27,12,39,0.307692308
ORL,TOR,12/9/2022,27,4,30,0.133333333
TOR,ORL,12/9/2022,26,11,51,0.215686275
NYK,CHA,12/9/2022,26,23,56,0.410714286
CHA,NYK,12/9/2022,26,14,50,0.28
IND,WAS,12/9/2022,26,18,44,0.409090909
WAS,IND,12/9/2022,26,13,41,0.317073171
MIN,POR,12/10/2022,26,7,42,0.166666667
POR,MIN,12/10/2022,26,15,42,0.357142857
DEN,UTA,12/10/2022,26,7,41,0.170731707
UTA,DEN,12/10/2022,29,12,49,0.244897959
BOS,GSW,12/10/2022,27,8,51,0.156862745
GSW,BOS,12/10/2022,27,13,47,0.276595745
CLE,OKC,12/10/2022,27,15,50,0.3
OKC,CLE,12/10/2022,26,10,47,0.212765957
LAC,WAS,12/10/2022,28,12,55,0.218181818
WAS,LAC,12/10/2022,27,11,49,0.224489796
BKN,IND,12/10/2022,28,29,53,0.547169811
MIA,SAS,12/10/2022,27,8,47,0.170212766
SAS,MIA,12/10/2022,26,14,41,0.341463415
IND,BKN,12/10/2022,27,10,41,0.243902439
CHI,DAL,12/10/2022,25,5,35,0.142857143
DAL,CHI,12/10/2022,26,9,50,0.18
HOU,MIL,12/11/2022,26,13,52,0.25
MIL,HOU,12/11/2022,26,17,60,0.283333333
ATL,CHI,12/11/2022,27,11,53,0.20754717
CHI,ATL,12/11/2022,26,17,56,0.303571429
PHI,CHA,12/11/2022,26,11,41,0.268292683
CHA,PHI,12/11/2022,27,22,57,0.385964912
ORL,TOR,12/11/2022,28,18,44,0.409090909
TOR,ORL,12/11/2022,27,11,48,0.229166667
NYK,SAC,12/11/2022,27,17,50,0.34
SAC,NYK,12/11/2022,25,13,55,0.236363636
LAL,DET,12/11/2022,26,7,40,0.175
DET,LAL,12/11/2022,29,14,51,0.274509804
NOP,PHX,12/11/2022,26,11,40,0.275
PHX,NOP,12/11/2022,27,23,59,0.389830508
BOS,LAC,12/12/2022,28,7,47,0.14893617
LAC,BOS,12/12/2022,29,14,49,0.285714286
MIN,POR,12/12/2022,27,8,52,0.153846154
POR,MIN,12/12/2022,27,13,45,0.288888889
CLE,SAS,12/12/2022,28,19,47,0.404255319
SAS,CLE,12/12/2022,27,20,53,0.377358491
DAL,OKC,12/12/2022,27,20,55,0.363636364
OKC,DAL,12/12/2022,27,11,46,0.239130435
ATL,MEM,12/12/2022,28,27,72,0.375
MEM,ATL,12/12/2022,27,14,35,0.4
BKN,WAS,12/12/2022,29,8,46,0.173913043
WAS,BKN,12/12/2022,28,10,45,0.222222222
MIA,IND,12/12/2022,28,13,53,0.245283019
IND,MIA,12/12/2022,28,15,55,0.272727273
BOS,LAL,12/13/2022,29,16,60,0.266666667
LAL,BOS,12/13/2022,27,10,52,0.192307692
NOP,UTA,12/13/2022,27,20,61,0.327868852
UTA,NOP,12/13/2022,30,25,57,0.438596491
HOU,PHX,12/13/2022,27,20,49,0.408163265
PHX,HOU,12/13/2022,28,21,71,0.295774648
GSW,MIL,12/13/2022,28,14,60,0.233333333
MIL,GSW,12/13/2022,27,12,39,0.307692308
PHI,SAC,12/13/2022,27,4,43,0.093023256
SAC,PHI,12/13/2022,26,16,55,0.290909091
LAC,MIN,12/14/2022,30,19,55,0.345454545
MIN,LAC,12/14/2022,28,9,48,0.1875
DEN,WAS,12/14/2022,27,9,30,0.3
WAS,DEN,12/14/2022,29,8,48,0.166666667
CLE,DAL,12/14/2022,29,10,38,0.263157895
DAL,CLE,12/14/2022,28,11,50,0.22
MIA,OKC,12/14/2022,29,11,51,0.215686275
OKC,MIA,12/14/2022,28,9,44,0.204545455
CHI,NYK,12/14/2022,27,4,40,0.1
NYK,CHI,12/14/2022,28,19,50,0.38
SAC,TOR,12/14/2022,27,18,49,0.367346939
TOR,SAC,12/14/2022,28,12,50,0.24
ATL,ORL,12/14/2022,29,12,46,0.260869565
ORL,ATL,12/14/2022,29,18,49,0.367346939
GSW,IND,12/14/2022,29,15,46,0.326086957
IND,GSW,12/14/2022,29,8,45,0.177777778
DET,CHA,12/14/2022,30,15,54,0.277777778
CHA,DET,12/14/2022,28,22,69,0.31884058
POR,SAS,12/14/2022,28,9,35,0.257142857
SAS,POR,12/14/2022,28,20,56,0.357142857
LAC,PHX,12/15/2022,31,24,62,0.387096774
PHX,LAC,12/15/2022,29,19,53,0.358490566
NOP,UTA,12/15/2022,28,21,56,0.375
UTA,NOP,12/15/2022,31,21,53,0.396226415
MIL,MEM,12/15/2022,28,15,61,0.245901639
MEM,MIL,12/15/2022,28,16,47,0.340425532
HOU,MIA,12/15/2022,28,21,51,0.411764706
MIA,HOU,12/15/2022,30,17,52,0.326923077
DAL,POR,12/16/2022,29,6,39,0.153846154
POR,DAL,12/16/2022,29,14,54,0.259259259
MIN,OKC,12/16/2022,29,13,50,0.26
OKC,MIN,12/16/2022,29,16,49,0.326530612
CHI,NYK,12/16/2022,28,4,41,0.097560976
NYK,CHI,12/16/2022,29,21,61,0.344262295
BKN,TOR,12/16/2022,30,6,32,0.1875
TOR,BKN,12/16/2022,29,11,46,0.239130435
GSW,PHI,12/16/2022,30,15,56,0.267857143
PHI,GSW,12/16/2022,28,13,49,0.265306122
CLE,IND,12/16/2022,30,10,41,0.243902439
IND,CLE,12/16/2022,30,7,38,0.184210526
ATL,CHA,12/16/2022,30,5,37,0.135135135
CHA,ATL,12/16/2022,29,23,62,0.370967742
SAC,DET,12/16/2022,28,9,42,0.214285714
DET,SAC,12/16/2022,31,16,48,0.333333333
BOS,ORL,12/16/2022,30,12,52,0.230769231
ORL,BOS,12/16/2022,30,20,52,0.384615385
DEN,LAL,12/16/2022,28,9,43,0.209302326
LAL,DEN,12/16/2022,28,15,46,0.326086957
OKC,MEM,12/17/2022,30,13,59,0.220338983
MEM,OKC,12/17/2022,29,13,60,0.216666667
MIL,UTA,12/17/2022,29,17,43,0.395348837
UTA,MIL,12/17/2022,32,8,49,0.163265306
HOU,POR,12/17/2022,29,28,55,0.509090909
POR,HOU,12/17/2022,30,11,46,0.239130435
CLE,DAL,12/17/2022,31,17,59,0.288135593
DAL,CLE,12/17/2022,30,11,55,0.2
MIA,SAS,12/17/2022,31,10,44,0.227272727
SAS,MIA,12/17/2022,29,14,48,0.291666667
LAC,WAS,12/17/2022,32,15,54,0.277777778
WAS,LAC,12/17/2022,30,10,48,0.208333333
NOP,PHX,12/17/2022,29,6,33,0.181818182
PHX,NOP,12/17/2022,30,14,49,0.285714286
BOS,ORL,12/18/2022,31,17,60,0.283333333
ORL,BOS,12/18/2022,31,7,53,0.132075472
LAL,WAS,12/18/2022,29,9,49,0.183673469
WAS,LAL,12/18/2022,31,14,54,0.259259259
NYK,IND,12/18/2022,30,15,47,0.319148936
IND,NYK,12/18/2022,31,17,55,0.309090909
BKN,DET,12/18/2022,31,6,38,0.157894737
DET,BKN,12/18/2022,32,15,48,0.3125
GSW,TOR,12/18/2022,31,15,40,0.375
TOR,GSW,12/18/2022,30,23,58,0.396551724
CHI,MIN,12/18/2022,29,9,44,0.204545455
MIN,CHI,12/18/2022,30,7,32,0.21875
DEN,CHA,12/18/2022,29,19,56,0.339285714
CHA,DEN,12/18/2022,30,12,55,0.218181818
CLE,UTA,12/19/2022,32,6,28,0.214285714
UTA,CLE,12/19/2022,33,19,61,0.31147541
POR,OKC,12/19/2022,31,16,46,0.347826087
OKC,POR,12/19/2022,31,17,51,0.333333333
ATL,ORL,12/19/2022,31,11,48,0.229166667
ORL,ATL,12/19/2022,32,16,52,0.307692308
DAL,MIN,12/19/2022,31,11,47,0.234042553
MIN,DAL,12/19/2022,31,12,50,0.24
LAL,PHX,12/19/2022,30,14,50,0.28
PHX,LAL,12/19/2022,31,18,49,0.367346939
PHI,TOR,12/19/2022,29,8,49,0.163265306
TOR,PHI,12/19/2022,31,13,52,0.25
HOU,SAS,12/19/2022,30,21,61,0.344262295
SAS,HOU,12/19/2022,30,12,38,0.315789474
NOP,MIL,12/19/2022,30,21,60,0.35
MIL,NOP,12/19/2022,30,9,38,0.236842105
SAC,CHA,12/19/2022,29,12,58,0.206896552
CHA,SAC,12/19/2022,31,15,49,0.306122449
GSW,NYK,12/20/2022,32,5,39,0.128205128
NYK,GSW,12/20/2022,31,18,44,0.409090909
PHX,WAS,12/20/2022,32,17,50,0.34
WAS,PHX,12/20/2022,32,13,47,0.276595745
UTA,DET,12/20/2022,34,17,51,0.333333333
DET,UTA,12/20/2022,33,12,44,0.272727273
CHI,MIA,12/20/2022,30,8,34,0.235294118
MIA,CHI,12/20/2022,32,9,45,0.2
DEN,MEM,12/20/2022,30,18,54,0.333333333
MEM,DEN,12/20/2022,30,8,48,0.166666667
LAL,SAC,12/21/2022,31,5,44,0.113636364
SAC,LAL,12/21/2022,30,15,51,0.294117647
NYK,TOR,12/21/2022,32,13,39,0.333333333
TOR,NYK,12/21/2022,32,21,53,0.396226415
CLE,MIL,12/21/2022,33,12,46,0.260869565
MIL,CLE,12/21/2022,31,16,48,0.333333333
LAC,CHA,12/21/2022,33,10,40,0.25
CHA,LAC,12/21/2022,32,11,56,0.196428571
DAL,MIN,12/21/2022,32,10,42,0.238095238
MIN,DAL,12/21/2022,32,11,46,0.239130435
GSW,BKN,12/21/2022,33,12,45,0.266666667
BKN,GSW,12/21/2022,32,4,31,0.129032258
HOU,ORL,12/21/2022,31,12,49,0.244897959
ORL,HOU,12/21/2022,33,15,58,0.25862069
BOS,IND,12/21/2022,32,29,64,0.453125
IND,BOS,12/21/2022,32,13,54,0.240740741
POR,OKC,12/21/2022,32,11,42,0.261904762
OKC,POR,12/21/2022,32,15,43,0.348837209
PHI,DET,12/21/2022,30,14,52,0.269230769
DET,PHI,12/21/2022,34,16,53,0.301886792
ATL,CHI,12/21/2022,32,13,52,0.25
CHI,ATL,12/21/2022,31,8,46,0.173913043
NOP,SAS,12/22/2022,31,18,48,0.375
SAS,NOP,12/22/2022,31,17,49,0.346938776
UTA,WAS,12/22/2022,35,9,45,0.2
WAS,UTA,12/22/2022,33,3,38,0.078947368
MIN,BOS,12/23/2022,33,14,50,0.28
ORL,SAS,12/23/2022,34,13,40,0.325
SAS,ORL,12/23/2022,32,16,55,0.290909091
CHI,NYK,12/23/2022,32,13,51,0.254901961
NYK,CHI,12/23/2022,33,17,50,0.34
LAC,PHI,12/23/2022,34,8,42,0.19047619
PHI,LAC,12/23/2022,31,10,41,0.243902439
SAC,WAS,12/23/2022,31,14,52,0.269230769
WAS,SAC,12/23/2022,34,8,43,0.186046512
CLE,TOR,12/23/2022,34,8,42,0.19047619
TOR,CLE,12/23/2022,33,13,44,0.295454545
BOS,MIN,12/23/2022,33,21,57,0.368421053
MIA,IND,12/23/2022,33,19,54,0.351851852
IND,MIA,12/23/2022,33,12,45,0.266666667
PHX,MEM,12/23/2022,33,18,54,0.333333333
MEM,PHX,12/23/2022,31,24,49,0.489795918
LAL,CHA,12/23/2022,32,14,46,0.304347826
CHA,LAL,12/23/2022,33,13,44,0.295454545
DAL,HOU,12/23/2022,33,11,47,0.234042553
HOU,DAL,12/23/2022,32,13,45,0.288888889
NOP,OKC,12/23/2022,32,17,55,0.309090909
OKC,NOP,12/23/2022,33,12,58,0.206896552
DEN,POR,12/23/2022,31,8,39,0.205128205
POR,DEN,12/23/2022,33,16,53,0.301886792
MIL,BKN,12/23/2022,32,16,51,0.31372549
BKN,MIL,12/23/2022,33,16,48,0.333333333
ATL,DET,12/23/2022,33,10,46,0.217391304
DET,ATL,12/23/2022,35,14,54,0.259259259
BOS,MIL,12/25/2022,34,5,37,0.135135135
MIL,BOS,12/25/2022,33,12,45,0.266666667
GSW,MEM,12/25/2022,34,13,52,0.25
MEM,GSW,12/25/2022,32,14,58,0.24137931
DAL,LAL,12/25/2022,34,13,45,0.288888889
LAL,DAL,12/25/2022,33,11,43,0.255813953
NYK,PHI,12/25/2022,34,18,49,0.367346939
PHI,NYK,12/25/2022,32,7,42,0.166666667
DEN,PHX,12/25/2022,32,17,52,0.326923077
PHX,DEN,12/25/2022,34,14,54,0.259259259
LAC,DET,12/26/2022,35,11,42,0.261904762
DET,LAC,12/26/2022,36,20,60,0.333333333
CHI,HOU,12/26/2022,33,9,49,0.183673469
HOU,CHI,12/26/2022,33,13,43,0.302325581
NOP,IND,12/26/2022,33,21,52,0.403846154
IND,NOP,12/26/2022,34,8,51,0.156862745
CLE,BKN,12/26/2022,35,11,45,0.244444444
BKN,CLE,12/26/2022,34,12,38,0.315789474
SAS,UTA,12/26/2022,33,10,43,0.23255814
UTA,SAS,12/26/2022,36,22,59,0.372881356
MIA,MIN,12/26/2022,34,17,56,0.303571429
MIN,MIA,12/26/2022,34,10,40,0.25
POR,CHA,12/26/2022,34,13,44,0.295454545
CHA,POR,12/26/2022,34,26,68,0.382352941
ATL,IND,12/27/2022,34,9,52,0.173076923
IND,ATL,12/27/2022,35,13,48,0.270833333
LAC,TOR,12/27/2022,36,19,50,0.38
TOR,LAC,12/27/2022,34,12,45,0.266666667
PHX,MEM,12/27/2022,35,19,47,0.404255319
MEM,PHX,12/27/2022,33,19,57,0.333333333
DEN,SAC,12/27/2022,33,12,46,0.260869565
SAC,DEN,12/27/2022,32,9,43,0.209302326
GSW,CHA,12/27/2022,35,13,55,0.236363636
CHA,GSW,12/27/2022,35,13,55,0.236363636
SAS,OKC,12/27/2022,34,23,55,0.418181818
OKC,SAS,12/27/2022,34,15,43,0.348837209
LAL,ORL,12/27/2022,34,13,43,0.302325581
ORL,LAL,12/27/2022,35,8,45,0.177777778
DAL,NYK,12/27/2022,35,10,50,0.2
NYK,DAL,12/27/2022,35,21,63,0.333333333
PHI,WAS,12/27/2022,33,16,45,0.355555556
WAS,PHI,12/27/2022,35,18,49,0.367346939
BOS,HOU,12/27/2022,35,12,50,0.24
HOU,BOS,12/27/2022,34,16,57,0.280701754
CHI,MIL,12/28/2022,34,12,53,0.226415094
MIL,CHI,12/28/2022,34,26,76,0.342105263
PHX,WAS,12/28/2022,36,16,51,0.31372549
WAS,PHX,12/28/2022,36,16,36,0.444444444
LAL,MIA,12/28/2022,35,14,42,0.333333333
MIA,LAL,12/28/2022,35,14,50,0.28
ORL,DET,12/28/2022,36,16,54,0.296296296
DET,ORL,12/28/2022,37,14,48,0.291666667
DEN,SAC,12/28/2022,34,11,36,0.305555556
SAC,DEN,12/28/2022,33,15,45,0.333333333
ATL,BKN,12/28/2022,35,16,59,0.271186441
BKN,ATL,12/28/2022,35,6,43,0.139534884
GSW,UTA,12/28/2022,36,11,53,0.20754717
UTA,GSW,12/28/2022,37,13,58,0.224137931
NOP,MIN,12/28/2022,34,13,47,0.276595745
MIN,NOP,12/28/2022,35,8,45,0.177777778
CLE,IND,12/29/2022,36,18,48,0.375
IND,CLE,12/29/2022,36,6,37,0.162162162
NYK,SAS,12/29/2022,36,19,55,0.345454545
SAS,NYK,12/29/2022,35,18,45,0.4
DAL,HOU,12/29/2022,36,10,49,0.204081633
HOU,DAL,12/29/2022,35,16,57,0.280701754
TOR,MEM,12/29/2022,35,20,61,0.327868852
MEM,TOR,12/29/2022,34,20,50,0.4
BOS,LAC,12/29/2022,36,14,50,0.28
LAC,BOS,12/29/2022,37,10,50,0.2
OKC,CHA,12/29/2022,35,18,59,0.305084746
CHA,OKC,12/29/2022,36,13,44,0.295454545
SAC,UTA,12/30/2022,34,14,44,0.318181818
UTA,SAC,12/30/2022,38,9,39,0.230769231
MIL,MIN,12/30/2022,35,23,54,0.425925926
MIN,MIL,12/30/2022,36,9,59,0.152542373
DEN,MIA,12/30/2022,35,7,33,0.212121212
MIA,DEN,12/30/2022,36,14,48,0.291666667
GSW,POR,12/30/2022,37,19,52,0.365384615
POR,GSW,12/30/2022,35,21,54,0.388888889
ATL,LAL,12/30/2022,36,14,57,0.245614035
LAL,ATL,12/30/2022,36,15,45,0.333333333
PHX,TOR,12/30/2022,37,13,37,0.351351351
TOR,PHX,12/30/2022,36,9,43,0.209302326
CHI,DET,12/30/2022,35,15,39,0.384615385
DET,CHI,12/30/2022,38,18,48,0.375
ORL,WAS,12/30/2022,37,12,62,0.193548387
WAS,ORL,12/30/2022,37,6,36,0.166666667
NOP,PHI,12/30/2022,35,13,43,0.302325581
PHI,NOP,12/30/2022,34,6,35,0.171428571
CLE,CHI,12/31/2022,37,17,51,0.333333333
CHI,CLE,12/31/2022,36,9,44,0.204545455
BKN,CHA,12/31/2022,36,2,34,0.058823529
CHA,BKN,12/31/2022,37,17,59,0.288135593
PHI,OKC,12/31/2022,35,19,56,0.339285714
OKC,PHI,12/31/2022,36,17,61,0.278688525
DAL,SAS,12/31/2022,37,8,41,0.195121951
SAS,DAL,12/31/2022,36,19,44,0.431818182
MIN,DET,12/31/2022,37,10,48,0.208333333
DET,MIN,12/31/2022,39,17,51,0.333333333
HOU,NYK,12/31/2022,36,17,52,0.326923077
NYK,HOU,12/31/2022,37,19,60,0.316666667
NOP,MEM,12/31/2022,36,23,63,0.365079365
MEM,NOP,12/31/2022,35,15,48,0.3125
MIA,UTA,12/31/2022,37,15,49,0.306122449
UTA,MIA,12/31/2022,39,20,48,0.416666667
LAC,IND,12/31/2022,38,8,38,0.210526316
IND,LAC,12/31/2022,37,12,44,0.272727273
MIL,WAS,1/1/2023,36,18,63,0.285714286
WAS,MIL,1/1/2023,38,17,48,0.354166667
BOS,DEN,1/1/2023,37,12,48,0.25
DEN,BOS,1/1/2023,36,4,35,0.114285714
SAC,MEM,1/1/2023,35,19,57,0.333333333
MEM,SAC,1/1/2023,36,24,58,0.413793103
DAL,HOU,1/2/2023,38,10,50,0.2
HOU,DAL,1/2/2023,37,10,48,0.208333333
POR,DET,1/2/2023,36,7,45,0.155555556
DET,POR,1/2/2023,40,12,51,0.235294118
DEN,MIN,1/2/2023,37,18,51,0.352941176
MIN,DEN,1/2/2023,38,15,44,0.340909091
BKN,SAS,1/2/2023,37,8,37,0.216216216
SAS,BKN,1/2/2023,37,19,60,0.316666667
LAC,MIA,1/2/2023,39,4,41,0.097560976
MIA,LAC,1/2/2023,38,14,48,0.291666667
ATL,GSW,1/2/2023,37,12,58,0.206896552
GSW,ATL,1/2/2023,38,26,71,0.366197183
NOP,PHI,1/2/2023,37,15,45,0.333333333
PHI,NOP,1/2/2023,36,9,48,0.1875
LAL,CHA,1/2/2023,37,12,54,0.222222222
CHA,LAL,1/2/2023,38,11,57,0.192982456
IND,TOR,1/2/2023,38,21,48,0.4375
TOR,IND,1/2/2023,37,14,54,0.259259259
CLE,CHI,1/2/2023,38,14,52,0.269230769
CHI,CLE,1/2/2023,37,12,51,0.235294118
NYK,PHX,1/2/2023,38,10,42,0.238095238
PHX,NYK,1/2/2023,38,12,54,0.222222222
BOS,OKC,1/3/2023,38,13,50,0.26
OKC,BOS,1/3/2023,37,15,44,0.340909091
MIL,WAS,1/3/2023,37,18,52,0.346153846
WAS,MIL,1/3/2023,39,17,55,0.309090909
SAC,UTA,1/3/2023,36,10,42,0.238095238
UTA,SAC,1/3/2023,40,16,51,0.31372549
CLE,PHX,1/4/2023,39,10,51,0.196078431
PHX,CLE,1/4/2023,39,11,52,0.211538462
LAL,MIA,1/4/2023,38,12,43,0.279069767
MIA,LAL,1/4/2023,39,19,55,0.345454545
MEM,CHA,1/4/2023,37,16,51,0.31372549
CHA,MEM,1/4/2023,39,10,58,0.172413793
IND,PHI,1/4/2023,39,18,51,0.352941176
PHI,IND,1/4/2023,37,17,52,0.326923077
ORL,OKC,1/4/2023,38,15,42,0.357142857
OKC,ORL,1/4/2023,38,15,54,0.277777778
NYK,SAS,1/4/2023,39,22,53,0.41509434
SAS,NYK,1/4/2023,38,10,45,0.222222222
NOP,HOU,1/4/2023,38,18,50,0.36
HOU,NOP,1/4/2023,38,15,53,0.283018868
MIL,TOR,1/4/2023,38,18,57,0.315789474
TOR,MIL,1/4/2023,38,21,81,0.259259259
MIN,POR,1/4/2023,39,14,42,0.333333333
POR,MIN,1/4/2023,37,17,47,0.361702128
CHI,BKN,1/4/2023,38,8,39,0.205128205
BKN,CHI,1/4/2023,38,6,51,0.117647059
GSW,DET,1/4/2023,39,10,42,0.238095238
DET,GSW,1/4/2023,41,14,49,0.285714286
ATL,SAC,1/4/2023,38,9,41,0.219512195
SAC,ATL,1/4/2023,37,11,48,0.229166667
ORL,MEM,1/5/2023,39,9,49,0.183673469
MEM,ORL,1/5/2023,38,14,48,0.291666667
BOS,DAL,1/5/2023,39,11,45,0.244444444
DAL,BOS,1/5/2023,39,14,58,0.24137931
HOU,UTA,1/5/2023,39,18,55,0.327272727
UTA,HOU,1/5/2023,41,10,47,0.212765957
DEN,LAC,1/5/2023,38,13,47,0.276595745
LAC,DEN,1/5/2023,40,13,61,0.213114754
CLE,DEN,1/6/2023,40,20,56,0.357142857
DEN,CLE,1/6/2023,39,17,41,0.414634146
OKC,WAS,1/6/2023,39,13,50,0.26
WAS,OKC,1/6/2023,40,14,46,0.304347826
NOP,BKN,1/6/2023,39,20,55,0.363636364
BKN,NOP,1/6/2023,39,12,49,0.244897959
ATL,LAL,1/6/2023,39,10,55,0.181818182
LAL,ATL,1/6/2023,39,10,44,0.227272727
SAS,DET,1/6/2023,39,11,38,0.289473684
DET,SAS,1/6/2023,42,16,53,0.301886792
MIL,CHA,1/6/2023,39,14,52,0.269230769
CHA,MIL,1/6/2023,40,16,51,0.31372549
CHI,PHI,1/6/2023,39,9,39,0.230769231
PHI,CHI,1/6/2023,38,14,53,0.264150943
IND,POR,1/6/2023,40,7,48,0.145833333
POR,IND,1/6/2023,38,15,57,0.263157895
LAC,MIN,1/6/2023,41,22,61,0.360655738
MIN,LAC,1/6/2023,40,13,38,0.342105263
MIA,PHX,1/6/2023,40,8,46,0.173913043
PHX,MIA,1/6/2023,40,12,48,0.25
NYK,TOR,1/6/2023,40,16,50,0.32
TOR,NYK,1/6/2023,39,13,53,0.245283019
BOS,SAS,1/7/2023,40,12,52,0.230769231
SAS,BOS,1/7/2023,40,16,53,0.301886792
CHI,UTA,1/7/2023,40,8,44,0.181818182
UTA,CHI,1/7/2023,42,11,49,0.224489796
GSW,ORL,1/7/2023,40,16,58,0.275862069
ORL,GSW,1/7/2023,40,9,49,0.183673469
NOP,DAL,1/7/2023,40,20,55,0.363636364
DAL,NOP,1/7/2023,40,7,36,0.194444444
LAL,SAC,1/7/2023,40,12,36,0.333333333
SAC,LAL,1/7/2023,38,17,46,0.369565217
HOU,MIN,1/8/2023,40,18,57,0.315789474
MIN,HOU,1/8/2023,41,12,44,0.272727273
CLE,PHX,1/8/2023,41,6,37,0.162162162
PHX,CLE,1/8/2023,41,10,48,0.208333333
MIA,BKN,1/8/2023,41,20,57,0.350877193
BKN,MIA,1/8/2023,40,11,39,0.282051282
POR,TOR,1/8/2023,39,14,44,0.318181818
TOR,POR,1/8/2023,40,16,53,0.301886792
UTA,MEM,1/8/2023,43,13,45,0.288888889
MEM,UTA,1/8/2023,39,18,59,0.305084746
IND,CHA,1/8/2023,41,14,53,0.264150943
CHA,IND,1/8/2023,41,17,53,0.320754717
PHI,DET,1/8/2023,39,16,50,0.32
DET,PHI,1/8/2023,43,14,45,0.311111111
DAL,OKC,1/8/2023,41,11,47,0.234042553
OKC,DAL,1/8/2023,40,16,51,0.31372549
ATL,LAC,1/8/2023,40,8,48,0.166666667
LAC,ATL,1/8/2023,42,22,60,0.366666667
MIL,NYK,1/9/2023,40,17,52,0.326923077
NYK,MIL,1/9/2023,41,23,63,0.365079365
ORL,SAC,1/9/2023,41,12,51,0.235294118
SAC,ORL,1/9/2023,39,12,46,0.260869565
DEN,LAL,1/9/2023,40,17,54,0.314814815
LAL,DEN,1/9/2023,41,11,55,0.2
NOP,WAS,1/9/2023,41,16,47,0.340425532
WAS,NOP,1/9/2023,41,9,42,0.214285714
BOS,CHI,1/9/2023,41,11,50,0.22
CHI,BOS,1/9/2023,41,7,50,0.14
SAS,MEM,1/9/2023,41,14,55,0.254545455
MEM,SAS,1/9/2023,40,17,52,0.326923077
TOR,CHA,1/10/2023,41,19,48,0.395833333
CHA,TOR,1/10/2023,42,9,42,0.214285714
MIA,OKC,1/10/2023,42,17,48,0.354166667
OKC,MIA,1/10/2023,41,20,49,0.408163265
PHI,DET,1/10/2023,40,13,36,0.361111111
DET,PHI,1/10/2023,44,9,55,0.163636364
CLE,UTA,1/10/2023,42,9,50,0.18
UTA,CLE,1/10/2023,44,20,52,0.384615385
ORL,POR,1/10/2023,42,10,40,0.25
POR,ORL,1/10/2023,40,16,45,0.355555556
GSW,PHX,1/10/2023,41,19,61,0.31147541
PHX,GSW,1/10/2023,42,20,50,0.4
DAL,LAC,1/10/2023,42,9,43,0.209302326
LAC,DAL,1/10/2023,43,18,51,0.352941176
CHI,WAS,1/11/2023,42,9,50,0.18
WAS,CHI,1/11/2023,42,13,47,0.276595745
MIN,DET,1/11/2023,42,17,49,0.346938776
DET,MIN,1/11/2023,45,9,34,0.264705882
BOS,NOP,1/11/2023,42,13,48,0.270833333
NOP,BOS,1/11/2023,42,4,45,0.088888889
ATL,MIL,1/11/2023,41,6,50,0.12
MIL,ATL,1/11/2023,41,16,56,0.285714286
NYK,IND,1/11/2023,42,14,48,0.291666667
IND,NYK,1/11/2023,42,9,50,0.18
SAS,MEM,1/11/2023,42,19,59,0.322033898
MEM,SAS,1/11/2023,41,20,53,0.377358491
HOU,SAC,1/11/2023,41,14,54,0.259259259
SAC,HOU,1/11/2023,40,13,53,0.245283019
DEN,PHX,1/11/2023,41,12,42,0.285714286
PHX,DEN,1/11/2023,43,20,52,0.384615385
TOR,CHA,1/12/2023,42,10,43,0.23255814
CHA,TOR,1/12/2023,43,14,41,0.341463415
CLE,POR,1/12/2023,43,14,49,0.285714286
POR,CLE,1/12/2023,41,7,41,0.170731707
MIA,MIL,1/12/2023,43,20,53,0.377358491
MIL,MIA,1/12/2023,42,11,55,0.2
BOS,BKN,1/12/2023,43,15,46,0.326086957
BKN,BOS,1/12/2023,41,8,47,0.170212766
PHI,OKC,1/12/2023,41,13,50,0.26
OKC,PHI,1/12/2023,42,10,43,0.23255814
DAL,LAL,1/12/2023,43,5,50,0.1
LAL,DAL,1/12/2023,42,17,73,0.232876712
NOP,DET,1/13/2023,43,12,48,0.25
DET,NOP,1/13/2023,46,8,51,0.156862745
NYK,WAS,1/13/2023,43,17,55,0.309090909
WAS,NYK,1/13/2023,43,17,59,0.288135593
ATL,IND,1/13/2023,42,20,55,0.363636364
IND,ATL,1/13/2023,43,26,64,0.40625
CHI,OKC,1/13/2023,43,13,48,0.270833333
OKC,CHI,1/13/2023,43,15,47,0.319148936
MIN,PHX,1/13/2023,43,11,45,0.244444444
PHX,MIN,1/13/2023,44,11,45,0.244444444
ORL,UTA,1/13/2023,43,14,59,0.237288136
UTA,ORL,1/13/2023,45,19,50,0.38
GSW,SAS,1/13/2023,42,13,47,0.276595745
SAS,GSW,1/13/2023,43,10,53,0.188679245
DEN,LAC,1/13/2023,42,11,45,0.244444444
LAC,DEN,1/13/2023,44,14,47,0.29787234
HOU,SAC,1/13/2023,42,19,55,0.345454545
SAC,HOU,1/13/2023,41,16,40,0.4
BOS,CHA,1/14/2023,44,15,53,0.283018868
CHA,BOS,1/14/2023,44,11,47,0.234042553
CLE,MIN,1/14/2023,44,9,40,0.225
MIN,CLE,1/14/2023,44,6,38,0.157894737
ATL,TOR,1/14/2023,43,7,42,0.166666667
TOR,ATL,1/14/2023,43,18,53,0.339622642
MIA,MIL,1/14/2023,44,14,43,0.325581395
MIL,MIA,1/14/2023,43,11,51,0.215686275
PHI,UTA,1/14/2023,42,11,51,0.215686275
UTA,PHI,1/14/2023,46,16,48,0.333333333
IND,MEM,1/14/2023,44,24,65,0.369230769
MEM,IND,1/14/2023,42,8,42,0.19047619
DAL,POR,1/14/2023,44,4,44,0.090909091
POR,DAL,1/14/2023,42,13,40,0.325
CHI,GSW,1/15/2023,44,10,47,0.212765957
GSW,CHI,1/15/2023,43,10,46,0.217391304
SAC,SAS,1/15/2023,42,10,43,0.23255814
DAL,POR,1/15/2023,45,15,50,0.3
LAL,PHI,1/15/2023,43,6,41,0.146341463
BKN,OKC,1/15/2023,42,17,57,0.298245614
POR,DAL,1/15/2023,43,13,43,0.302325581
PHI,LAL,1/15/2023,43,9,44,0.204545455
OKC,BKN,1/15/2023,44,14,52,0.269230769
DEN,ORL,1/15/2023,43,15,45,0.333333333
SAS,SAC,1/15/2023,44,16,50,0.32
ORL,DEN,1/15/2023,44,14,45,0.311111111
NYK,DET,1/15/2023,44,19,51,0.37254902
DET,NYK,1/15/2023,47,11,48,0.229166667
HOU,LAC,1/15/2023,43,13,50,0.26
LAC,HOU,1/15/2023,45,13,45,0.288888889
CHA,BOS,1/16/2023,45,15,51,0.294117647
MIL,IND,1/16/2023,44,12,45,0.266666667
BOS,CHA,1/16/2023,45,17,44,0.386363636
IND,MIL,1/16/2023,45,5,42,0.119047619
GSW,WAS,1/16/2023,44,10,46,0.217391304
NOP,CLE,1/16/2023,44,7,40,0.175
CLE,NOP,1/16/2023,45,15,44,0.340909091
MIA,ATL,1/16/2023,45,16,46,0.347826087
WAS,GSW,1/16/2023,44,9,44,0.204545455
MIN,UTA,1/16/2023,45,20,57,0.350877193
ATL,MIA,1/16/2023,44,4,35,0.114285714
TOR,NYK,1/16/2023,44,23,62,0.370967742
NYK,TOR,1/16/2023,45,27,61,0.442622951
UTA,MIN,1/16/2023,47,17,42,0.404761905
PHX,MEM,1/16/2023,45,12,51,0.235294118
MEM,PHX,1/16/2023,43,16,49,0.326530612
LAL,HOU,1/16/2023,44,11,44,0.25
HOU,LAL,1/16/2023,44,23,55,0.418181818
MIL,TOR,1/17/2023,45,10,41,0.243902439
BKN,SAS,1/17/2023,43,11,52,0.211538462
TOR,MIL,1/17/2023,45,23,60,0.383333333
SAS,BKN,1/17/2023,45,21,61,0.344262295
DEN,POR,1/17/2023,44,16,47,0.340425532
POR,DEN,1/17/2023,44,10,45,0.222222222
LAC,PHI,1/17/2023,46,16,43,0.372093023
PHI,LAC,1/17/2023,44,10,36,0.277777778
LAC,UTA,1/18/2023,47,21,57,0.368421053
WAS,NYK,1/18/2023,45,25,55,0.454545455
NYK,WAS,1/18/2023,46,22,63,0.349206349
UTA,LAC,1/18/2023,48,11,46,0.239130435
ATL,DAL,1/18/2023,45,12,37,0.324324324
DAL,ATL,1/18/2023,46,14,43,0.325581395
MIN,DEN,1/18/2023,46,14,43,0.325581395
LAL,SAC,1/18/2023,45,12,49,0.244897959
MEM,CLE,1/18/2023,44,21,57,0.368421053
DEN,MIN,1/18/2023,45,17,44,0.386363636
CLE,MEM,1/18/2023,46,15,45,0.333333333
SAC,LAL,1/18/2023,43,15,47,0.319148936
CHA,HOU,1/18/2023,46,13,52,0.25
OKC,IND,1/18/2023,45,16,49,0.326530612
IND,OKC,1/18/2023,46,27,58,0.465517241
MIA,NOP,1/18/2023,46,16,46,0.347826087
NOP,MIA,1/18/2023,45,12,48,0.25
HOU,CHA,1/18/2023,45,16,46,0.347826087
CHI,DET,1/19/2023,45,11,44,0.25
DET,CHI,1/19/2023,48,23,60,0.383333333
BOS,GSW,1/19/2023,46,24,67,0.358208955
TOR,MIN,1/19/2023,46,13,44,0.295454545
MIN,TOR,1/19/2023,47,14,45,0.311111111
GSW,BOS,1/19/2023,45,12,61,0.196721311
PHX,BKN,1/19/2023,46,17,51,0.333333333
BKN,PHX,1/19/2023,44,5,44,0.113636364
PHI,POR,1/19/2023,45,10,42,0.238095238
POR,PHI,1/19/2023,45,19,57,0.333333333
CLE,GSW,1/20/2023,47,11,43,0.255813953
SAS,LAC,1/20/2023,46,15,39,0.384615385
LAC,SAS,1/20/2023,48,11,33,0.333333333
MEM,LAL,1/20/2023,45,30,68,0.441176471
SAC,OKC,1/20/2023,44,18,48,0.375
LAL,MEM,1/20/2023,46,18,60,0.3
UTA,BKN,1/20/2023,49,17,55,0.309090909
OKC,SAC,1/20/2023,46,9,51,0.176470588
IND,DEN,1/20/2023,47,22,51,0.431372549
BKN,UTA,1/20/2023,45,8,43,0.186046512
DEN,IND,1/20/2023,46,12,37,0.324324324
MIA,DAL,1/20/2023,47,9,39,0.230769231
NOP,ORL,1/20/2023,46,15,54,0.277777778
DAL,MIA,1/20/2023,47,11,45,0.244444444
NYK,ATL,1/20/2023,47,10,37,0.27027027
ORL,NOP,1/20/2023,45,7,39,0.179487179
GSW,CLE,1/20/2023,46,17,45,0.377777778
ATL,NYK,1/20/2023,46,19,45,0.422222222
SAC,PHI,1/21/2023,45,8,41,0.195121951
BOS,TOR,1/21/2023,47,12,48,0.25
PHX,IND,1/21/2023,47,19,59,0.322033898
PHI,SAC,1/21/2023,46,19,45,0.422222222
IND,PHX,1/21/2023,48,19,62,0.306451613
TOR,BOS,1/21/2023,47,8,41,0.195121951
CLE,MIL,1/21/2023,48,11,41,0.268292683
ORL,WAS,1/21/2023,46,12,50,0.24
MIL,CLE,1/21/2023,46,14,47,0.29787234
WAS,ORL,1/21/2023,46,14,48,0.291666667
ATL,CHA,1/21/2023,47,7,41,0.170731707
CHA,ATL,1/21/2023,47,9,44,0.204545455
HOU,MIN,1/21/2023,46,18,50,0.36
MIN,HOU,1/21/2023,48,5,47,0.106382979
LAC,DAL,1/22/2023,49,13,42,0.30952381
DAL,LAC,1/22/2023,48,13,50,0.26
NYK,TOR,1/22/2023,48,16,44,0.363636364
TOR,NYK,1/22/2023,48,20,53,0.377358491
MIA,NOP,1/22/2023,48,15,49,0.306122449
NOP,MIA,1/22/2023,47,11,42,0.261904762
GSW,BKN,1/22/2023,47,14,51,0.274509804
LAL,POR,1/22/2023,47,15,45,0.333333333
DEN,OKC,1/22/2023,47,17,55,0.309090909
POR,LAL,1/22/2023,46,12,53,0.226415094
PHX,MEM,1/22/2023,48,11,51,0.215686275
MEM,PHX,1/22/2023,46,21,56,0.375
OKC,DEN,1/22/2023,47,16,50,0.32
BKN,GSW,1/22/2023,46,10,43,0.23255814
POR,SAS,1/23/2023,47,10,40,0.25
SAC,MEM,1/23/2023,46,15,40,0.375
SAS,POR,1/23/2023,47,16,47,0.340425532
MEM,SAC,1/23/2023,47,14,59,0.237288136
ORL,BOS,1/23/2023,47,12,44,0.272727273
DET,MIL,1/23/2023,49,12,50,0.24
MIL,DET,1/23/2023,47,15,46,0.326086957
BOS,ORL,1/23/2023,48,12,49,0.244897959
MIN,HOU,1/23/2023,49,14,54,0.259259259
ATL,CHI,1/23/2023,48,15,49,0.306122449
CHI,ATL,1/23/2023,46,19,54,0.351851852
HOU,MIN,1/23/2023,47,19,49,0.387755102
CHA,UTA,1/23/2023,48,15,53,0.283018868
UTA,CHA,1/23/2023,50,13,48,0.270833333
DAL,WAS,1/24/2023,49,9,45,0.2
LAL,LAC,1/24/2023,48,17,58,0.293103448
LAC,LAL,1/24/2023,50,10,35,0.285714286
PHX,CHA,1/24/2023,49,17,47,0.361702128
WAS,DAL,1/24/2023,47,12,44,0.272727273
DEN,NOP,1/24/2023,48,8,42,0.19047619
CHA,PHX,1/24/2023,49,15,60,0.25
NOP,DEN,1/24/2023,48,19,48,0.395833333
NYK,CLE,1/24/2023,49,11,44,0.25
BOS,MIA,1/24/2023,49,8,45,0.177777778
IND,CHI,1/24/2023,49,21,59,0.355932203
CHI,IND,1/24/2023,47,16,49,0.326530612
CLE,NYK,1/24/2023,49,13,50,0.26
MIA,BOS,1/24/2023,49,21,62,0.338709677
ORL,IND,1/25/2023,48,16,39,0.41025641
MIN,NOP,1/25/2023,50,7,45,0.155555556
IND,ORL,1/25/2023,50,20,48,0.416666667
NOP,MIN,1/25/2023,49,15,49,0.306122449
ATL,OKC,1/25/2023,49,12,38,0.315789474
PHI,BKN,1/25/2023,47,15,40,0.375
DEN,MIL,1/25/2023,49,19,61,0.31147541
OKC,ATL,1/25/2023,48,14,52,0.269230769
WAS,HOU,1/25/2023,48,19,61,0.31147541
BKN,PHI,1/25/2023,47,7,32,0.21875
MIL,DEN,1/25/2023,48,10,46,0.217391304
HOU,WAS,1/25/2023,48,23,58,0.396551724
UTA,POR,1/25/2023,51,10,45,0.222222222
SAC,TOR,1/25/2023,47,6,39,0.153846154
MEM,GSW,1/25/2023,48,15,51,0.294117647
POR,UTA,1/25/2023,48,9,38,0.236842105
GSW,MEM,1/25/2023,48,18,45,0.4
TOR,SAC,1/25/2023,49,18,50,0.36
LAL,SAS,1/25/2023,49,18,52,0.346153846
SAS,LAL,1/25/2023,48,22,68,0.323529412
DAL,PHX,1/26/2023,50,11,49,0.224489796
PHX,DAL,1/26/2023,50,16,52,0.307692308
LAC,SAS,1/26/2023,51,8,40,0.2
SAS,LAC,1/26/2023,49,16,50,0.32
CHA,CHI,1/26/2023,50,9,47,0.191489362
CHI,CHA,1/26/2023,48,9,55,0.163636364
DET,BKN,1/26/2023,50,17,48,0.354166667
BKN,DET,1/26/2023,48,18,52,0.346153846
CLE,HOU,1/26/2023,50,14,50,0.28
NYK,BOS,1/26/2023,50,12,54,0.222222222
BOS,NYK,1/26/2023,50,20,61,0.327868852
HOU,CLE,1/26/2023,49,13,40,0.325
MEM,MIN,1/27/2023,49,20,57,0.350877193
CLE,OKC,1/27/2023,51,13,52,0.25
OKC,CLE,1/27/2023,49,11,38,0.289473684
MIA,ORL,1/27/2023,50,9,49,0.183673469
IND,MIL,1/27/2023,51,5,43,0.11627907
ORL,MIA,1/27/2023,49,5,39,0.128205128
GSW,TOR,1/27/2023,49,9,41,0.219512195
TOR,GSW,1/27/2023,50,18,60,0.3
MIN,MEM,1/27/2023,51,11,45,0.244444444
MIL,IND,1/27/2023,49,19,53,0.358490566
PHI,DEN,1/28/2023,48,15,46,0.326086957
DEN,PHI,1/28/2023,50,9,37,0.243243243
BKN,NYK,1/28/2023,49,11,43,0.255813953
NYK,BKN,1/28/2023,51,16,45,0.355555556
DET,HOU,1/28/2023,51,11,48,0.229166667
HOU,DET,1/28/2023,50,19,51,0.37254902
ATL,LAC,1/28/2023,50,18,50,0.36
ORL,CHI,1/28/2023,50,10,46,0.217391304
CHI,ORL,1/28/2023,49,5,36,0.138888889
LAC,ATL,1/28/2023,52,8,40,0.2
WAS,NOP,1/28/2023,49,19,53,0.358490566
SAS,PHX,1/28/2023,50,25,64,0.390625
PHX,SAS,1/28/2023,51,20,56,0.357142857
SAC,MIN,1/28/2023,48,12,49,0.244897959
MIN,SAC,1/28/2023,52,13,39,0.333333333
NOP,WAS,1/28/2023,50,13,55,0.236363636
BOS,LAL,1/28/2023,51,7,45,0.155555556
POR,TOR,1/28/2023,49,7,38,0.184210526
TOR,POR,1/28/2023,51,16,44,0.363636364
LAL,BOS,1/28/2023,50,18,59,0.305084746
DAL,UTA,1/28/2023,51,11,48,0.229166667
UTA,DAL,1/28/2023,52,18,44,0.409090909
MIA,CHA,1/29/2023,51,15,51,0.294117647
CHA,MIA,1/29/2023,51,13,41,0.317073171
MIL,NOP,1/29/2023,50,14,47,0.29787234
NOP,MIL,1/29/2023,51,11,56,0.196428571
MEM,IND,1/29/2023,50,19,47,0.404255319
IND,MEM,1/29/2023,52,16,44,0.363636364
LAC,CLE,1/29/2023,53,22,54,0.407407407
CLE,LAC,1/29/2023,52,6,36,0.166666667
DET,DAL,1/30/2023,52,13,46,0.282608696
PHX,TOR,1/30/2023,52,16,45,0.355555556
TOR,PHX,1/30/2023,52,19,51,0.37254902
POR,ATL,1/30/2023,50,7,38,0.184210526
ATL,POR,1/30/2023,51,23,53,0.433962264
MIN,SAC,1/30/2023,53,11,54,0.203703704
GSW,OKC,1/30/2023,50,8,45,0.177777778
SAC,MIN,1/30/2023,49,13,56,0.232142857
SAS,WAS,1/30/2023,51,18,60,0.3
WAS,SAS,1/30/2023,50,8,40,0.2
DAL,DET,1/30/2023,52,12,44,0.272727273
OKC,GSW,1/30/2023,50,10,49,0.204081633
ORL,PHI,1/30/2023,51,18,59,0.305084746
BKN,LAL,1/30/2023,50,14,51,0.274509804
PHI,ORL,1/30/2023,49,10,46,0.217391304
LAL,BKN,1/30/2023,51,21,60,0.35
DEN,NOP,1/31/2023,51,16,48,0.333333333
NOP,DEN,1/31/2023,52,10,45,0.222222222
CHI,LAC,1/31/2023,50,7,41,0.170731707
NYK,LAL,1/31/2023,52,15,55,0.272727273
CHA,MIL,1/31/2023,52,20,72,0.277777778
LAC,CHI,1/31/2023,54,12,60,0.2
MIL,CHA,1/31/2023,51,17,63,0.26984127
LAL,NYK,1/31/2023,52,13,48,0.270833333
CLE,MIA,1/31/2023,53,9,46,0.195652174
MIA,CLE,1/31/2023,52,12,46,0.260869565
PHI,ORL,2/1/2023,50,9,45,0.2
BOS,BKN,2/1/2023,52,12,40,0.3
POR,MEM,2/1/2023,51,12,46,0.260869565
ORL,PHI,2/1/2023,52,16,57,0.280701754
MEM,POR,2/1/2023,51,14,50,0.28
BKN,BOS,2/1/2023,51,6,54,0.111111111
GSW,MIN,2/1/2023,51,11,56,0.196428571
SAS,SAC,2/1/2023,52,9,41,0.219512195
OKC,HOU,2/1/2023,51,25,66,0.378787879
SAC,SAS,2/1/2023,50,8,44,0.181818182
MIN,GSW,2/1/2023,54,15,65,0.230769231
HOU,OKC,2/1/2023,51,27,59,0.457627119
TOR,UTA,2/1/2023,53,28,65,0.430769231
UTA,TOR,2/1/2023,53,14,42,0.333333333
ATL,PHX,2/1/2023,52,6,40,0.15
PHX,ATL,2/1/2023,53,14,54,0.259259259
MIA,NYK,2/2/2023,53,13,51,0.254901961
GSW,DEN,2/2/2023,52,11,46,0.239130435
DEN,GSW,2/2/2023,52,11,43,0.255813953
MIL,LAC,2/2/2023,52,12,54,0.222222222
LAC,MIL,2/2/2023,55,11,58,0.189655172
NOP,DAL,2/2/2023,53,13,45,0.288888889
DAL,NOP,2/2/2023,53,10,51,0.196078431
CHA,CHI,2/2/2023,53,20,55,0.363636364
MEM,CLE,2/2/2023,52,14,47,0.29787234
CLE,MEM,2/2/2023,54,13,46,0.282608696
CHI,CHA,2/2/2023,51,10,42,0.238095238
LAL,IND,2/2/2023,53,16,56,0.285714286
IND,LAL,2/2/2023,53,8,48,0.166666667
NYK,MIA,2/2/2023,53,16,44,0.363636364
ATL,UTA,2/3/2023,53,15,55,0.272727273
UTA,ATL,2/3/2023,54,15,54,0.277777778
PHI,SAS,2/3/2023,51,17,45,0.377777778
ORL,MIN,2/3/2023,53,15,47,0.319148936
MIN,ORL,2/3/2023,55,16,49,0.326530612
TOR,HOU,2/3/2023,54,15,54,0.277777778
HOU,TOR,2/3/2023,52,12,45,0.266666667
SAS,PHI,2/3/2023,53,11,38,0.289473684
DET,CHA,2/3/2023,53,15,46,0.326086957
CHA,DET,2/3/2023,54,12,54,0.222222222
POR,WAS,2/3/2023,52,13,46,0.282608696
IND,SAC,2/3/2023,54,12,50,0.24
PHX,BOS,2/3/2023,54,13,55,0.236363636
SAC,IND,2/3/2023,51,12,52,0.230769231
WAS,POR,2/3/2023,51,12,43,0.279069767
BOS,PHX,2/3/2023,53,6,50,0.12
WAS,BKN,2/4/2023,52,14,45,0.311111111
BKN,WAS,2/4/2023,52,11,45,0.244444444
NOP,LAL,2/4/2023,54,17,48,0.354166667
LAL,NOP,2/4/2023,54,16,51,0.31372549
LAC,NYK,2/4/2023,56,14,52,0.269230769
PHX,DET,2/4/2023,55,13,37,0.351351351
NYK,LAC,2/4/2023,54,12,50,0.24
DET,PHX,2/4/2023,54,12,52,0.230769231
MIL,MIA,2/4/2023,53,12,46,0.260869565
CHI,POR,2/4/2023,52,7,34,0.205882353
HOU,OKC,2/4/2023,53,15,48,0.3125
GSW,DAL,2/4/2023,53,6,40,0.15
DAL,GSW,2/4/2023,54,13,49,0.265306122
OKC,HOU,2/4/2023,52,15,41,0.365853659
MIA,MIL,2/4/2023,54,16,57,0.280701754
POR,CHI,2/4/2023,53,7,44,0.159090909
DEN,ATL,2/4/2023,53,15,49,0.306122449
ATL,DEN,2/4/2023,54,12,49,0.244897959
CHA,ORL,2/5/2023,55,9,43,0.209302326
ORL,CHA,2/5/2023,54,20,51,0.392156863
IND,CLE,2/5/2023,55,16,56,0.285714286
CLE,IND,2/5/2023,55,12,43,0.279069767
PHI,NYK,2/5/2023,52,10,48,0.208333333
DEN,MIN,2/5/2023,54,7,40,0.175
MEM,TOR,2/5/2023,53,9,42,0.214285714
NOP,SAC,2/5/2023,55,15,42,0.357142857
NYK,PHI,2/5/2023,55,15,52,0.288461538
SAC,NOP,2/5/2023,52,13,50,0.26
MIN,DEN,2/5/2023,56,8,43,0.186046512
TOR,MEM,2/5/2023,55,21,59,0.355932203
CLE,WAS,2/6/2023,56,8,38,0.210526316
WAS,CLE,2/6/2023,53,9,49,0.183673469
LAC,BKN,2/6/2023,57,14,51,0.274509804
DET,BOS,2/6/2023,55,10,53,0.188679245
BOS,DET,2/6/2023,54,11,47,0.234042553
BKN,LAC,2/6/2023,53,8,46,0.173913043
CHI,SAS,2/6/2023,53,7,40,0.175
SAC,HOU,2/6/2023,53,9,39,0.230769231
SAS,CHI,2/6/2023,54,9,51,0.176470588
HOU,SAC,2/6/2023,54,17,47,0.361702128
DAL,UTA,2/6/2023,55,20,49,0.408163265
UTA,DAL,2/6/2023,55,14,47,0.29787234
GSW,OKC,2/6/2023,54,13,44,0.295454545
OKC,GSW,2/6/2023,53,10,48,0.208333333
MIL,POR,2/6/2023,54,10,43,0.23255814
POR,MIL,2/6/2023,54,8,57,0.140350877
NYK,ORL,2/7/2023,56,14,47,0.29787234
ORL,NYK,2/7/2023,55,11,45,0.244444444
NOP,ATL,2/7/2023,56,16,48,0.333333333
ATL,NOP,2/7/2023,55,15,50,0.3
BKN,PHX,2/7/2023,54,9,43,0.209302326
PHX,BKN,2/7/2023,56,18,51,0.352941176
MEM,CHI,2/7/2023,54,5,45,0.111111111
DEN,MIN,2/7/2023,55,9,38,0.236842105
CHI,MEM,2/7/2023,54,21,61,0.344262295
MIN,DEN,2/7/2023,57,9,47,0.191489362
LAL,OKC,2/7/2023,55,9,41,0.219512195
OKC,LAL,2/7/2023,54,9,46,0.195652174
IND,MIA,2/8/2023,56,8,46,0.173913043
PHI,BOS,2/8/2023,53,10,51,0.196078431
TOR,SAS,2/8/2023,56,12,47,0.255319149
BOS,PHI,2/8/2023,55,8,38,0.210526316
CHA,WAS,2/8/2023,56,14,56,0.25
MIA,IND,2/8/2023,55,15,43,0.348837209
CLE,DET,2/8/2023,57,21,47,0.446808511
HOU,SAC,2/8/2023,55,17,39,0.435897436
WAS,CHA,2/8/2023,54,15,44,0.340909091
SAS,TOR,2/8/2023,55,12,55,0.218181818
DET,CLE,2/8/2023,56,13,52,0.25
UTA,MIN,2/8/2023,56,22,62,0.35483871
MIN,UTA,2/8/2023,58,12,42,0.285714286
SAC,HOU,2/8/2023,54,13,48,0.270833333
DAL,LAC,2/8/2023,56,8,41,0.195121951
POR,GSW,2/8/2023,55,13,35,0.371428571
LAC,DAL,2/8/2023,58,11,48,0.229166667
GSW,POR,2/8/2023,55,14,52,0.269230769
DEN,ORL,2/9/2023,56,13,48,0.270833333
CHI,BKN,2/9/2023,55,12,52,0.230769231
ORL,DEN,2/9/2023,56,18,53,0.339622642
PHX,ATL,2/9/2023,57,10,50,0.2
ATL,PHX,2/9/2023,56,26,55,0.472727273
BKN,CHI,2/9/2023,55,13,54,0.240740741
LAL,MIL,2/9/2023,56,12,50,0.24
MIL,LAL,2/9/2023,55,21,56,0.375
DET,SAS,2/10/2023,57,27,67,0.402985075
SAS,DET,2/10/2023,56,21,65,0.323076923
MIA,HOU,2/10/2023,56,8,45,0.177777778
MIN,MEM,2/10/2023,59,10,48,0.208333333
MEM,MIN,2/10/2023,55,10,39,0.256410256
HOU,MIA,2/10/2023,56,17,53,0.320754717
CLE,NOP,2/10/2023,58,14,39,0.358974359
MIL,LAC,2/10/2023,56,12,46,0.260869565
POR,OKC,2/10/2023,56,13,35,0.371428571
PHX,IND,2/10/2023,58,23,51,0.450980392
SAC,DAL,2/10/2023,55,6,36,0.166666667
LAC,MIL,2/10/2023,59,3,43,0.069767442
NOP,CLE,2/10/2023,57,17,47,0.361702128
DAL,SAC,2/10/2023,57,12,45,0.266666667
OKC,POR,2/10/2023,55,13,37,0.351351351
BOS,CHA,2/10/2023,56,7,47,0.14893617
IND,PHX,2/10/2023,57,14,53,0.264150943
NYK,PHI,2/10/2023,57,6,41,0.146341463
PHI,NYK,2/10/2023,54,10,42,0.238095238
CHA,BOS,2/10/2023,57,13,52,0.25
UTA,TOR,2/10/2023,57,14,46,0.304347826
TOR,UTA,2/10/2023,57,15,53,0.283018868
SAC,DAL,2/11/2023,56,12,50,0.24
DAL,SAC,2/11/2023,58,8,48,0.166666667
CLE,CHI,2/11/2023,59,13,52,0.25
GSW,LAL,2/11/2023,56,13,57,0.228070175
CHI,CLE,2/11/2023,56,10,40,0.25
BKN,PHI,2/11/2023,56,19,57,0.333333333
LAL,GSW,2/11/2023,57,12,50,0.24
PHI,BKN,2/11/2023,55,11,43,0.255813953
WAS,IND,2/11/2023,55,11,28,0.392857143
MIA,ORL,2/11/2023,57,17,50,0.34
ORL,MIA,2/11/2023,57,15,52,0.288461538
NYK,UTA,2/11/2023,58,23,56,0.410714286
UTA,NYK,2/11/2023,58,13,47,0.276595745
IND,WAS,2/11/2023,58,22,55,0.4
CHA,DEN,2/11/2023,58,9,50,0.18
SAS,ATL,2/11/2023,57,18,55,0.327272727
DEN,CHA,2/11/2023,57,17,51,0.333333333
ATL,SAS,2/11/2023,57,18,56,0.321428571
BOS,MEM,2/12/2023,57,17,52,0.326923077
TOR,DET,2/12/2023,58,17,46,0.369565217
MEM,BOS,2/12/2023,56,6,46,0.130434783
DET,TOR,2/12/2023,58,14,42,0.333333333
CHA,ATL,2/13/2023,59,6,33,0.181818182
BKN,NYK,2/13/2023,57,14,48,0.291666667
UTA,IND,2/13/2023,59,16,44,0.363636364
MIA,DEN,2/13/2023,58,18,51,0.352941176
ORL,CHI,2/13/2023,58,9,45,0.2
SAS,CLE,2/13/2023,58,18,43,0.418604651
NOP,OKC,2/13/2023,58,7,36,0.194444444
PHI,HOU,2/13/2023,56,8,37,0.216216216
CLE,SAS,2/13/2023,60,11,36,0.305555556
MIN,DAL,2/13/2023,60,12,39,0.307692308
ATL,CHA,2/13/2023,58,20,55,0.363636364
HOU,PHI,2/13/2023,57,19,53,0.358490566
CHI,ORL,2/13/2023,57,13,51,0.254901961
NYK,BKN,2/13/2023,59,10,40,0.25
IND,UTA,2/13/2023,59,9,49,0.183673469
DAL,MIN,2/13/2023,59,14,46,0.304347826
DEN,MIA,2/13/2023,58,8,34,0.235294118
OKC,NOP,2/13/2023,56,22,52,0.423076923
LAL,POR,2/13/2023,58,18,55,0.327272727
GSW,WAS,2/13/2023,57,15,40,0.375
WAS,GSW,2/13/2023,56,10,34,0.294117647
POR,LAL,2/13/2023,57,9,52,0.173076923
MIL,BOS,2/14/2023,57,13,50,0.26
BOS,MIL,2/14/2023,58,9,55,0.163636364
ORL,TOR,2/14/2023,59,14,43,0.325581395
TOR,ORL,2/14/2023,59,14,36,0.388888889
PHX,SAC,2/14/2023,59,11,40,0.275
SAC,PHX,2/14/2023,57,15,48,0.3125
WAS,POR,2/14/2023,57,8,34,0.235294118
LAC,GSW,2/14/2023,60,16,44,0.363636364
GSW,LAC,2/14/2023,58,12,43,0.279069767
POR,WAS,2/14/2023,58,13,55,0.236363636
CLE,PHI,2/15/2023,61,10,43,0.23255814
IND,CHI,2/15/2023,60,10,43,0.23255814
CHI,IND,2/15/2023,58,8,45,0.177777778
PHI,CLE,2/15/2023,57,11,39,0.282051282
BOS,DET,2/15/2023,59,12,44,0.272727273
DET,BOS,2/15/2023,59,8,44,0.181818182
MEM,UTA,2/15/2023,57,21,68,0.308823529
NYK,ATL,2/15/2023,60,15,52,0.288461538
CHA,SAS,2/15/2023,60,18,58,0.310344828
MIA,BKN,2/15/2023,59,16,49,0.326530612
BKN,MIA,2/15/2023,58,7,37,0.189189189
ATL,NYK,2/15/2023,59,10,59,0.169491525
SAS,CHA,2/15/2023,59,26,69,0.376811594
OKC,HOU,2/15/2023,57,13,49,0.265306122
UTA,MEM,2/15/2023,60,21,51,0.411764706
HOU,OKC,2/15/2023,58,19,60,0.316666667
NOP,LAL,2/15/2023,59,16,55,0.290909091
DAL,DEN,2/15/2023,60,7,46,0.152173913
LAL,NOP,2/15/2023,59,8,47,0.170212766
DEN,DAL,2/15/2023,59,7,37,0.189189189
PHX,LAC,2/16/2023,60,12,49,0.244897959
MIL,CHI,2/16/2023,58,11,49,0.224489796
CHI,MIL,2/16/2023,59,19,62,0.306451613
WAS,MIN,2/16/2023,58,16,54,0.296296296
MIN,WAS,2/16/2023,61,20,57,0.350877193
LAC,PHX,2/16/2023,61,11,43,0.255813953
DET,ORL,2/23/2023,60,11,47,0.234042553
MEM,PHI,2/23/2023,58,17,56,0.303571429
CLE,DEN,2/23/2023,62,16,48,0.333333333
ORL,DET,2/23/2023,60,18,59,0.305084746
BOS,IND,2/23/2023,60,22,51,0.431372549
IND,BOS,2/23/2023,61,14,46,0.304347826
NOP,TOR,2/23/2023,60,9,48,0.1875
TOR,NOP,2/23/2023,60,13,51,0.254901961
DEN,CLE,2/23/2023,60,19,48,0.395833333
DAL,SAS,2/23/2023,61,5,41,0.12195122
SAS,DAL,2/23/2023,60,12,47,0.255319149
PHI,MEM,2/23/2023,58,14,52,0.269230769
OKC,UTA,2/23/2023,58,25,70,0.357142857
UTA,OKC,2/23/2023,61,25,60,0.416666667
POR,SAC,2/23/2023,59,13,51,0.254901961
SAC,POR,2/23/2023,58,14,41,0.341463415
GSW,LAL,2/23/2023,59,20,68,0.294117647
LAL,GSW,2/23/2023,60,16,49,0.326530612
WAS,NYK,2/24/2023,59,9,40,0.225
NYK,WAS,2/24/2023,61,16,49,0.326530612
MIA,MIL,2/24/2023,60,10,58,0.172413793
MIL,MIA,2/24/2023,59,14,52,0.269230769
CLE,ATL,2/24/2023,63,10,48,0.208333333
ATL,CLE,2/24/2023,60,8,36,0.222222222
BKN,CHI,2/24/2023,59,8,53,0.150943396
CHI,BKN,2/24/2023,60,13,44,0.295454545
MIN,CHA,2/24/2023,62,10,52,0.192307692
CHA,MIN,2/24/2023,61,12,51,0.235294118
LAC,SAC,2/24/2023,62,10,42,0.238095238
SAC,LAC,2/24/2023,59,14,50,0.28
HOU,GSW,2/24/2023,59,15,59,0.254237288
OKC,PHX,2/24/2023,59,17,57,0.298245614
PHX,OKC,2/24/2023,61,15,51,0.294117647
GSW,HOU,2/24/2023,60,9,42,0.214285714
TOR,DET,2/25/2023,61,15,63,0.238095238
DET,TOR,2/25/2023,61,20,59,0.338983051
NYK,NOP,2/25/2023,62,14,44,0.318181818
IND,ORL,2/25/2023,62,14,55,0.254545455
ORL,IND,2/25/2023,61,21,57,0.368421053
CHA,MIA,2/25/2023,62,12,51,0.235294118
MIA,CHA,2/25/2023,61,11,50,0.22
NOP,NYK,2/25/2023,61,16,65,0.246153846
MEM,DEN,2/25/2023,59,14,51,0.274509804
DEN,MEM,2/25/2023,61,12,55,0.218181818
BOS,PHI,2/25/2023,61,10,45,0.222222222
PHI,BOS,2/25/2023,59,11,47,0.234042553
UTA,SAS,2/25/2023,62,17,52,0.326923077
SAS,UTA,2/25/2023,61,16,60,0.266666667
MIL,PHX,2/26/2023,60,16,54,0.296296296
PHX,MIL,2/26/2023,62,23,60,0.383333333
DAL,LAL,2/26/2023,62,16,57,0.280701754
LAL,DAL,2/26/2023,61,20,58,0.344827586
ATL,BKN,2/26/2023,61,16,48,0.333333333
BKN,ATL,2/26/2023,60,9,44,0.204545455
WAS,CHI,2/26/2023,60,17,51,0.333333333
CHI,WAS,2/26/2023,61,10,41,0.243902439
TOR,CLE,2/26/2023,62,16,59,0.271186441
CLE,TOR,2/26/2023,64,8,41,0.195121951
OKC,SAC,2/26/2023,60,12,48,0.25
SAC,OKC,2/26/2023,60,15,44,0.340909091
MIN,GSW,2/26/2023,63,15,57,0.263157895
DEN,LAC,2/26/2023,62,17,51,0.333333333
GSW,MIN,2/26/2023,61,19,55,0.345454545
LAC,DEN,2/26/2023,63,7,51,0.137254902
HOU,POR,2/26/2023,60,26,60,0.433333333
POR,HOU,2/26/2023,60,7,38,0.184210526
BOS,NYK,2/27/2023,62,9,48,0.1875
NOP,ORL,2/27/2023,62,11,44,0.25
ORL,NOP,2/27/2023,62,15,47,0.319148936
NYK,BOS,2/27/2023,63,14,44,0.318181818
PHI,MIA,2/27/2023,60,18,44,0.409090909
DET,CHA,2/27/2023,62,15,54,0.277777778
MIA,PHI,2/27/2023,62,15,48,0.3125
CHA,DET,2/27/2023,63,12,43,0.279069767
WAS,ATL,2/28/2023,61,20,50,0.4
BKN,MIL,2/28/2023,61,5,50,0.1
CHI,TOR,2/28/2023,62,7,36,0.194444444
MIL,BKN,2/28/2023,61,18,58,0.310344828
MEM,LAL,2/28/2023,60,19,62,0.306451613
TOR,CHI,2/28/2023,63,23,59,0.389830508
ATL,WAS,2/28/2023,62,17,51,0.333333333
LAL,MEM,2/28/2023,62,16,51,0.31372549
IND,DAL,2/28/2023,63,6,40,0.15
HOU,DEN,2/28/2023,61,15,51,0.294117647
UTA,SAS,2/28/2023,63,21,60,0.35
SAS,UTA,2/28/2023,62,16,56,0.285714286
DEN,HOU,2/28/2023,63,11,42,0.261904762
DAL,IND,2/28/2023,63,14,51,0.274509804
POR,GSW,2/28/2023,61,13,51,0.254901961
LAC,MIN,2/28/2023,64,14,50,0.28
GSW,POR,2/28/2023,62,18,44,0.409090909
MIN,LAC,2/28/2023,64,15,52,0.288461538
OKC,SAC,2/28/2023,61,14,58,0.24137931
SAC,OKC,2/28/2023,61,13,44,0.295454545
DET,CHI,3/1/2023,63,9,40,0.225
CLE,BOS,3/1/2023,65,16,52,0.307692308
CHI,DET,3/1/2023,63,14,48,0.291666667
PHX,CHA,3/1/2023,63,8,48,0.166666667
NYK,BKN,3/1/2023,64,11,38,0.289473684
PHI,MIA,3/1/2023,61,11,42,0.261904762
CHA,PHX,3/1/2023,64,16,61,0.262295082
MIA,PHI,3/1/2023,63,10,45,0.222222222
BKN,NYK,3/1/2023,62,8,48,0.166666667
BOS,CLE,3/1/2023,63,11,40,0.275
MIL,ORL,3/1/2023,62,8,47,0.170212766
NOP,POR,3/1/2023,63,15,44,0.340909091
LAL,OKC,3/1/2023,63,14,47,0.29787234
POR,NOP,3/1/2023,62,14,46,0.304347826
MEM,HOU,3/1/2023,61,8,43,0.186046512
OKC,LAL,3/1/2023,62,17,51,0.333333333
ORL,MIL,3/1/2023,63,15,54,0.277777778
HOU,MEM,3/1/2023,62,23,59,0.389830508
WAS,TOR,3/2/2023,62,10,45,0.222222222
TOR,WAS,3/2/2023,64,15,51,0.294117647
DAL,PHI,3/2/2023,64,9,44,0.204545455
PHI,DAL,3/2/2023,62,6,35,0.171428571
SAS,IND,3/2/2023,63,19,54,0.351851852
IND,SAS,3/2/2023,64,9,50,0.18
LAC,GSW,3/2/2023,65,12,58,0.206896552
GSW,LAC,3/2/2023,63,16,56,0.285714286
ORL,CHA,3/3/2023,64,15,42,0.357142857
CHA,ORL,3/3/2023,65,12,42,0.285714286
POR,ATL,3/3/2023,63,13,47,0.276595745
ATL,POR,3/3/2023,63,15,41,0.365853659
BOS,BKN,3/3/2023,64,10,47,0.212765957
BKN,BOS,3/3/2023,63,17,58,0.293103448
LAC,SAC,3/3/2023,66,9,45,0.2
PHX,CHI,3/3/2023,64,17,44,0.386363636
DEN,MEM,3/3/2023,64,16,50,0.32
NOP,GSW,3/3/2023,64,9,45,0.2
OKC,UTA,3/3/2023,63,15,54,0.277777778
SAC,LAC,3/3/2023,62,11,41,0.268292683
UTA,OKC,3/3/2023,64,13,43,0.302325581
CHI,PHX,3/3/2023,64,13,45,0.288888889
NYK,MIA,3/3/2023,65,7,37,0.189189189
GSW,NOP,3/3/2023,64,12,38,0.315789474
MIN,LAL,3/3/2023,65,14,49,0.285714286
MEM,DEN,3/3/2023,62,13,57,0.228070175
MIA,NYK,3/3/2023,64,15,43,0.348837209
LAL,MIN,3/3/2023,64,14,53,0.264150943
WAS,TOR,3/4/2023,63,13,39,0.333333333
TOR,WAS,3/4/2023,65,11,46,0.239130435
MIL,PHI,3/4/2023,63,13,41,0.317073171
PHI,MIL,3/4/2023,63,12,44,0.272727273
SAC,MIN,3/4/2023,63,11,45,0.244444444
MIN,SAC,3/4/2023,66,10,38,0.263157895
CLE,DET,3/4/2023,66,11,49,0.224489796
DET,CLE,3/4/2023,64,17,52,0.326923077
MIA,ATL,3/4/2023,65,14,43,0.325581395
SAS,HOU,3/4/2023,64,15,49,0.306122449
HOU,SAS,3/4/2023,63,15,44,0.340909091
ATL,MIA,3/4/2023,64,11,44,0.25
PHX,DAL,3/5/2023,65,13,41,0.317073171
DAL,PHX,3/5/2023,65,7,41,0.170731707
CHI,IND,3/5/2023,65,8,31,0.258064516
IND,CHI,3/5/2023,65,15,47,0.319148936
GSW,LAL,3/5/2023,65,14,57,0.245614035
LAL,GSW,3/5/2023,65,17,55,0.309090909
HOU,SAS,3/5/2023,64,10,34,0.294117647
OKC,UTA,3/5/2023,64,14,43,0.325581395
BOS,NYK,3/5/2023,65,23,68,0.338235294
UTA,OKC,3/5/2023,65,15,46,0.326086957
NYK,BOS,3/5/2023,66,15,54,0.277777778
SAS,HOU,3/5/2023,65,13,53,0.245283019
MIL,WAS,3/5/2023,64,7,46,0.152173913
WAS,MIL,3/5/2023,64,21,62,0.338709677
MEM,LAC,3/5/2023,63,3,45,0.066666667
LAC,MEM,3/5/2023,67,18,42,0.428571429
CHA,BKN,3/5/2023,66,6,56,0.107142857
BKN,CHA,3/5/2023,64,10,57,0.175438596
POR,ORL,3/5/2023,64,14,46,0.304347826
ORL,POR,3/5/2023,65,8,48,0.166666667
ATL,MIA,3/6/2023,65,17,45,0.377777778
MIA,ATL,3/6/2023,66,10,37,0.27027027
BOS,CLE,3/6/2023,66,17,61,0.278688525
PHI,IND,3/6/2023,64,8,35,0.228571429
CLE,BOS,3/6/2023,67,16,55,0.290909091
DET,POR,3/6/2023,65,16,49,0.326530612
POR,DET,3/6/2023,65,6,44,0.136363636
IND,PHI,3/6/2023,66,9,42,0.214285714
SAC,NOP,3/6/2023,64,6,39,0.153846154
DEN,TOR,3/6/2023,65,14,44,0.318181818
NOP,SAC,3/6/2023,65,7,38,0.184210526
TOR,DEN,3/6/2023,66,14,45,0.311111111
MEM,LAL,3/7/2023,64,7,60,0.116666667
ORL,MIL,3/7/2023,66,16,52,0.307692308
HOU,BKN,3/7/2023,65,16,49,0.326530612
MIN,PHI,3/7/2023,67,9,56,0.160714286
GSW,OKC,3/7/2023,66,11,44,0.25
UTA,DAL,3/7/2023,66,11,55,0.2
OKC,GSW,3/7/2023,65,17,44,0.386363636
WAS,DET,3/7/2023,65,13,35,0.371428571
DAL,UTA,3/7/2023,66,7,51,0.137254902
PHI,MIN,3/7/2023,65,12,41,0.292682927
BKN,HOU,3/7/2023,65,7,43,0.162790698
CHA,NYK,3/7/2023,67,14,46,0.304347826
MIL,ORL,3/7/2023,65,3,33,0.090909091
NYK,CHA,3/7/2023,67,13,55,0.236363636
DET,WAS,3/7/2023,66,15,44,0.340909091
LAL,MEM,3/7/2023,66,13,53,0.245283019
MIA,CLE,3/8/2023,67,13,38,0.342105263
CLE,MIA,3/8/2023,68,11,42,0.261904762
NOP,DAL,3/8/2023,66,10,42,0.238095238
WAS,ATL,3/8/2023,66,9,37,0.243243243
BOS,POR,3/8/2023,67,6,49,0.12244898
DAL,NOP,3/8/2023,67,9,53,0.169811321
POR,BOS,3/8/2023,66,9,54,0.166666667
ATL,WAS,3/8/2023,66,9,43,0.209302326
CHI,DEN,3/8/2023,66,10,43,0.23255814
DEN,CHI,3/8/2023,66,12,54,0.222222222
LAC,TOR,3/8/2023,68,9,36,0.25
TOR,LAC,3/8/2023,67,20,60,0.333333333
PHX,OKC,3/8/2023,66,16,47,0.340425532
OKC,PHX,3/8/2023,66,14,56,0.25
IND,HOU,3/9/2023,67,11,53,0.20754717
GSW,MEM,3/9/2023,67,11,47,0.234042553
HOU,IND,3/9/2023,66,28,64,0.4375
MEM,GSW,3/9/2023,65,13,44,0.295454545
ORL,UTA,3/9/2023,67,19,53,0.358490566
UTA,ORL,3/9/2023,67,14,40,0.35
DET,CHA,3/9/2023,67,18,51,0.352941176
CHA,DET,3/9/2023,68,15,49,0.306122449
SAC,NYK,3/9/2023,65,7,45,0.155555556
NYK,SAC,3/9/2023,68,26,66,0.393939394
MIL,BKN,3/9/2023,66,23,60,0.383333333
BKN,MIL,3/9/2023,66,21,63,0.333333333
POR,PHI,3/10/2023,67,9,41,0.219512195
WAS,ATL,3/10/2023,67,11,46,0.239130435
PHI,POR,3/10/2023,66,12,43,0.279069767
ATL,WAS,3/10/2023,67,16,54,0.296296296
MIA,CLE,3/10/2023,68,14,41,0.341463415
DEN,SAS,3/10/2023,67,8,46,0.173913043
MIN,BKN,3/10/2023,68,17,57,0.298245614
CLE,MIA,3/10/2023,69,11,49,0.224489796
SAS,DEN,3/10/2023,66,15,45,0.333333333
BKN,MIN,3/10/2023,67,14,51,0.274509804
TOR,LAL,3/10/2023,68,12,46,0.260869565
LAL,TOR,3/10/2023,67,8,35,0.228571429
LAC,NYK,3/11/2023,69,11,47,0.234042553
NYK,LAC,3/11/2023,69,22,60,0.366666667
UTA,CHA,3/11/2023,68,26,59,0.440677966
CHA,UTA,3/11/2023,69,15,59,0.254237288
IND,DET,3/11/2023,68,19,54,0.351851852
BOS,ATL,3/11/2023,68,9,44,0.204545455
DET,IND,3/11/2023,68,15,56,0.267857143
MIA,ORL,3/11/2023,69,13,53,0.245283019
ATL,BOS,3/11/2023,68,14,51,0.274509804
ORL,MIA,3/11/2023,68,18,53,0.339622642
MEM,DAL,3/11/2023,66,12,47,0.255319149
DAL,MEM,3/11/2023,68,13,49,0.265306122
HOU,CHI,3/11/2023,67,12,47,0.255319149
CHI,HOU,3/11/2023,67,14,43,0.325581395
OKC,NOP,3/11/2023,67,9,44,0.204545455
NOP,OKC,3/11/2023,67,12,49,0.244897959
GSW,MIL,3/11/2023,68,21,67,0.313432836
MIL,GSW,3/11/2023,67,9,58,0.155172414
PHX,SAC,3/11/2023,67,9,46,0.195652174
SAC,PHX,3/11/2023,66,13,46,0.282608696
DEN,BKN,3/12/2023,68,23,48,0.479166667
BKN,DEN,3/12/2023,68,8,43,0.186046512
CLE,CHA,3/12/2023,70,13,49,0.265306122
CHA,CLE,3/12/2023,70,11,42,0.261904762
SAS,OKC,3/12/2023,67,14,58,0.24137931
OKC,SAS,3/12/2023,68,15,60,0.25
PHI,WAS,3/12/2023,67,11,40,0.275
NOP,POR,3/12/2023,68,10,47,0.212765957
WAS,PHI,3/12/2023,68,13,52,0.25
POR,NOP,3/12/2023,68,12,49,0.244897959
LAL,NYK,3/12/2023,68,14,49,0.285714286
NYK,LAL,3/12/2023,70,15,47,0.319148936
UTA,MIA,3/13/2023,69,18,49,0.367346939
IND,DET,3/13/2023,69,16,53,0.301886792
DET,IND,3/13/2023,69,23,53,0.433962264
MIA,UTA,3/13/2023,70,10,44,0.227272727
MEM,DAL,3/13/2023,67,11,46,0.239130435
DAL,MEM,3/13/2023,69,11,56,0.196428571
MIN,ATL,3/13/2023,69,7,41,0.170731707
ATL,MIN,3/13/2023,69,20,54,0.37037037
HOU,BOS,3/13/2023,68,18,53,0.339622642
BOS,HOU,3/13/2023,69,14,49,0.285714286
PHX,GSW,3/13/2023,68,20,52,0.384615385
SAC,MIL,3/13/2023,67,19,59,0.322033898
MIL,SAC,3/13/2023,68,7,39,0.179487179
GSW,PHX,3/13/2023,69,11,44,0.25
DEN,TOR,3/14/2023,69,7,37,0.189189189
TOR,DEN,3/14/2023,69,17,46,0.369565217
OKC,BKN,3/14/2023,69,18,56,0.321428571
DET,WAS,3/14/2023,70,22,62,0.35483871
WAS,DET,3/14/2023,69,15,41,0.365853659
CHA,CLE,3/14/2023,71,10,33,0.303030303
CLE,CHA,3/14/2023,71,9,45,0.2
SAS,ORL,3/14/2023,68,9,39,0.230769231
NOP,LAL,3/14/2023,69,21,60,0.35
BKN,OKC,3/14/2023,69,13,50,0.26
LAL,NOP,3/14/2023,69,16,43,0.372093023
NYK,POR,3/14/2023,71,11,42,0.261904762
ORL,SAS,3/14/2023,69,16,57,0.280701754
PHX,MIL,3/14/2023,69,14,55,0.254545455
POR,NYK,3/14/2023,69,19,64,0.296875
MIL,PHX,3/14/2023,69,14,50,0.28
SAS,DAL,3/15/2023,69,20,63,0.317460317
DAL,SAS,3/15/2023,70,13,45,0.288888889
GSW,LAC,3/15/2023,70,10,42,0.238095238
LAC,GSW,3/15/2023,70,19,50,0.38
HOU,LAL,3/15/2023,69,17,45,0.377777778
PHI,CLE,3/15/2023,68,16,37,0.432432432
MIN,BOS,3/15/2023,70,13,51,0.254901961
CLE,PHI,3/15/2023,72,15,49,0.306122449
CHI,SAC,3/15/2023,68,20,62,0.322580645
BOS,MIN,3/15/2023,70,12,52,0.230769231
SAC,CHI,3/15/2023,68,9,46,0.195652174
LAL,HOU,3/15/2023,70,16,56,0.285714286
MEM,MIA,3/15/2023,68,13,49,0.265306122
MIA,MEM,3/15/2023,71,8,35,0.228571429
DET,DEN,3/16/2023,71,16,50,0.32
OKC,TOR,3/16/2023,70,16,56,0.285714286
IND,MIL,3/16/2023,70,10,46,0.217391304
TOR,OKC,3/16/2023,70,23,54,0.425925926
SAC,BKN,3/16/2023,69,17,56,0.303571429
DEN,DET,3/16/2023,70,17,45,0.377777778
BKN,SAC,3/16/2023,70,4,52,0.076923077
MIL,IND,3/16/2023,70,11,46,0.239130435
ORL,PHX,3/16/2023,70,13,44,0.295454545
PHX,ORL,3/16/2023,70,9,47,0.191489362
PHI,CHA,3/17/2023,69,17,48,0.354166667
ATL,GSW,3/17/2023,70,17,57,0.298245614
CLE,WAS,3/17/2023,73,10,43,0.23255814
CHA,PHI,3/17/2023,72,13,62,0.209677419
GSW,ATL,3/17/2023,71,19,54,0.351851852
WAS,CLE,3/17/2023,70,9,43,0.209302326
NOP,HOU,3/17/2023,70,9,46,0.195652174
HOU,NOP,3/17/2023,70,18,48,0.375
SAS,MEM,3/17/2023,70,22,61,0.360655738
MEM,SAS,3/17/2023,69,17,57,0.298245614
CHI,MIN,3/17/2023,69,8,45,0.177777778
MIN,CHI,3/17/2023,71,17,61,0.278688525
DAL,LAL,3/17/2023,71,10,41,0.243902439
BOS,POR,3/17/2023,71,20,49,0.408163265
LAL,DAL,3/17/2023,71,19,48,0.395833333
POR,BOS,3/17/2023,70,10,45,0.222222222
NYK,DEN,3/18/2023,72,15,44,0.340909091
DEN,NYK,3/18/2023,71,11,42,0.261904762
LAC,ORL,3/18/2023,71,15,51,0.294117647
ORL,LAC,3/18/2023,71,14,45,0.311111111
GSW,MEM,3/18/2023,72,24,54,0.444444444
SAC,WAS,3/18/2023,70,7,42,0.166666667
MEM,GSW,3/18/2023,70,15,44,0.340909091
MIA,CHI,3/18/2023,72,19,49,0.387755102
CHI,MIA,3/18/2023,70,8,35,0.228571429
WAS,SAC,3/18/2023,71,14,53,0.264150943
BOS,UTA,3/18/2023,72,7,47,0.14893617
UTA,BOS,3/18/2023,70,19,57,0.333333333
IND,PHI,3/18/2023,71,16,43,0.372093023
PHI,IND,3/18/2023,70,7,37,0.189189189
TOR,MIN,3/18/2023,71,10,45,0.222222222
MIN,TOR,3/18/2023,72,11,48,0.229166667
BKN,DEN,3/19/2023,71,10,45,0.222222222
DEN,BKN,3/19/2023,72,13,39,0.333333333
DET,MIA,3/19/2023,72,11,47,0.234042553
MIA,DET,3/19/2023,73,11,43,0.255813953
NOP,HOU,3/19/2023,71,14,43,0.325581395
HOU,NOP,3/19/2023,71,16,46,0.347826087
PHX,OKC,3/19/2023,71,10,50,0.2
OKC,PHX,3/19/2023,71,12,46,0.260869565
SAS,ATL,3/19/2023,71,15,46,0.326086957
ATL,SAS,3/19/2023,71,21,54,0.388888889
LAL,ORL,3/19/2023,72,10,45,0.222222222
LAC,POR,3/19/2023,72,21,53,0.396226415
POR,LAC,3/19/2023,71,13,46,0.282608696
ORL,LAL,3/19/2023,72,18,63,0.285714286
TOR,MIL,3/19/2023,72,16,56,0.285714286
MIL,TOR,3/19/2023,71,8,40,0.2
IND,CHA,3/20/2023,72,19,48,0.395833333
CHI,PHI,3/20/2023,71,11,58,0.189655172
CHA,IND,3/20/2023,73,15,53,0.283018868
PHI,CHI,3/20/2023,71,13,53,0.245283019
MIN,NYK,3/20/2023,73,9,36,0.25
NYK,MIN,3/20/2023,73,11,39,0.282051282
HOU,GSW,3/20/2023,72,22,55,0.4
DAL,MEM,3/20/2023,72,12,45,0.266666667
MEM,DAL,3/20/2023,71,19,53,0.358490566
GSW,HOU,3/20/2023,73,17,47,0.361702128
UTA,SAC,3/20/2023,71,7,44,0.159090909
SAC,UTA,3/20/2023,71,14,61,0.229508197
WAS,ORL,3/21/2023,72,8,45,0.177777778
ORL,WAS,3/21/2023,73,8,37,0.216216216
ATL,DET,3/21/2023,72,26,56,0.464285714
BKN,CLE,3/21/2023,72,26,53,0.490566038
CLE,BKN,3/21/2023,74,11,41,0.268292683
DET,ATL,3/21/2023,73,12,56,0.214285714
OKC,LAC,3/21/2023,72,17,54,0.314814815
BOS,SAC,3/21/2023,73,14,47,0.29787234
SAC,BOS,3/21/2023,72,12,45,0.266666667
LAC,OKC,3/21/2023,73,16,52,0.307692308
SAS,NOP,3/21/2023,72,13,61,0.213114754
NOP,SAS,3/21/2023,72,9,38,0.236842105
DEN,WAS,3/22/2023,73,12,41,0.292682927
WAS,DEN,3/22/2023,73,13,44,0.295454545
PHX,LAL,3/22/2023,72,15,50,0.3
LAL,PHX,3/22/2023,73,7,35,0.2
MIA,NYK,3/22/2023,74,3,36,0.083333333
NYK,MIA,3/22/2023,74,13,42,0.30952381
IND,TOR,3/22/2023,73,10,37,0.27027027
TOR,IND,3/22/2023,73,18,54,0.333333333
DAL,GSW,3/22/2023,73,14,51,0.274509804
CHI,PHI,3/22/2023,72,18,51,0.352941176
GSW,DAL,3/22/2023,74,12,41,0.292682927
MIN,ATL,3/22/2023,74,15,49,0.306122449
ATL,MIN,3/22/2023,73,11,42,0.261904762
MIL,SAS,3/22/2023,72,14,54,0.259259259
SAS,MIL,3/22/2023,73,11,62,0.177419355
MEM,HOU,3/22/2023,72,15,44,0.340909091
PHI,CHI,3/22/2023,72,16,44,0.363636364
HOU,MEM,3/22/2023,73,22,48,0.458333333
POR,UTA,3/22/2023,72,9,50,0.18
UTA,POR,3/22/2023,72,8,48,0.166666667
NYK,ORL,3/23/2023,75,15,52,0.288461538
ORL,NYK,3/23/2023,74,13,50,0.26
CLE,BKN,3/23/2023,75,16,50,0.32
BKN,CLE,3/23/2023,73,15,44,0.340909091
NOP,CHA,3/23/2023,73,15,53,0.283018868
CHA,NOP,3/23/2023,74,5,47,0.106382979
LAC,OKC,3/23/2023,74,12,39,0.307692308
OKC,LAC,3/23/2023,73,18,53,0.339622642
DET,TOR,3/24/2023,74,11,42,0.261904762
IND,BOS,3/24/2023,74,8,49,0.163265306
TOR,DET,3/24/2023,74,22,53,0.41509434
BOS,IND,3/24/2023,74,12,52,0.230769231
MEM,HOU,3/24/2023,73,9,38,0.236842105
HOU,MEM,3/24/2023,74,11,44,0.25
DAL,CHA,3/24/2023,74,7,45,0.155555556
CHA,DAL,3/24/2023,75,10,50,0.2
CHI,POR,3/24/2023,73,12,37,0.324324324
POR,CHI,3/24/2023,73,12,50,0.24
GSW,PHI,3/24/2023,75,11,49,0.224489796
PHI,GSW,3/24/2023,73,4,43,0.093023256
SAS,WAS,3/24/2023,74,15,53,0.283018868
WAS,SAS,3/24/2023,74,7,39,0.179487179
SAC,PHX,3/24/2023,73,10,43,0.23255814
OKC,LAL,3/24/2023,74,14,52,0.269230769
LAL,OKC,3/24/2023,74,18,52,0.346153846
PHX,SAC,3/24/2023,73,17,46,0.369565217
MIL,UTA,3/24/2023,73,13,47,0.276595745
UTA,MIL,3/24/2023,73,23,69,0.333333333
IND,ATL,3/25/2023,75,16,44,0.363636364
ATL,IND,3/25/2023,74,21,43,0.488372093
MIL,DEN,3/25/2023,74,6,50,0.12
DEN,MIL,3/25/2023,74,9,46,0.195652174
MIA,BKN,3/25/2023,75,14,43,0.325581395
BKN,MIA,3/25/2023,74,20,46,0.434782609
SAC,UTA,3/25/2023,74,16,52,0.307692308
UTA,SAC,3/25/2023,74,15,47,0.319148936
PHI,PHX,3/25/2023,74,12,46,0.260869565
LAC,NOP,3/25/2023,75,4,39,0.102564103
PHX,PHI,3/25/2023,74,17,47,0.361702128
NOP,LAC,3/25/2023,74,16,45,0.355555556
CHA,DAL,3/26/2023,76,15,50,0.3
DAL,CHA,3/26/2023,75,7,52,0.134615385
CHI,LAL,3/26/2023,74,11,42,0.261904762
LAL,CHI,3/26/2023,75,9,43,0.209302326
SAS,BOS,3/26/2023,75,7,65,0.107692308
TOR,WAS,3/26/2023,75,20,54,0.37037037
CLE,HOU,3/26/2023,76,16,45,0.355555556
BKN,ORL,3/26/2023,75,18,56,0.321428571
MEM,ATL,3/26/2023,74,8,44,0.181818182
WAS,TOR,3/26/2023,75,15,52,0.288461538
HOU,CLE,3/26/2023,75,16,46,0.347826087
ORL,BKN,3/26/2023,75,12,43,0.279069767
BOS,SAS,3/26/2023,75,9,45,0.2
ATL,MEM,3/26/2023,75,19,54,0.351851852
OKC,POR,3/26/2023,75,17,54,0.314814815
POR,OKC,3/26/2023,74,12,44,0.272727273
MIN,GSW,3/26/2023,75,13,50,0.26
GSW,MIN,3/26/2023,76,8,49,0.163265306
DET,MIL,3/27/2023,75,19,54,0.351851852
DAL,IND,3/27/2023,76,7,37,0.189189189
NYK,HOU,3/27/2023,76,8,40,0.2
IND,DAL,3/27/2023,76,22,56,0.392857143
HOU,NYK,3/27/2023,76,14,49,0.285714286
DEN,PHI,3/27/2023,75,12,42,0.285714286
MIL,DET,3/27/2023,75,18,53,0.339622642
PHI,DEN,3/27/2023,75,13,48,0.270833333
MIN,SAC,3/27/2023,76,15,45,0.333333333
CHI,LAC,3/27/2023,75,10,41,0.243902439
LAC,CHI,3/27/2023,76,10,38,0.263157895
NOP,POR,3/27/2023,75,12,37,0.324324324
POR,NOP,3/27/2023,75,11,56,0.196428571
SAC,MIN,3/27/2023,75,17,48,0.354166667
UTA,PHX,3/27/2023,75,17,51,0.333333333
PHX,UTA,3/27/2023,75,21,59,0.355932203
WAS,BOS,3/28/2023,76,15,47,0.319148936
BOS,WAS,3/28/2023,76,11,48,0.229166667
MEM,ORL,3/28/2023,75,12,51,0.235294118
CLE,ATL,3/28/2023,77,13,50,0.26
ORL,MEM,3/28/2023,76,16,60,0.266666667
CHA,OKC,3/28/2023,77,15,48,0.3125
ATL,CLE,3/28/2023,76,19,51,0.37254902
TOR,MIA,3/28/2023,76,16,49,0.326530612
MIA,TOR,3/28/2023,76,15,48,0.3125
OKC,CHA,3/28/2023,76,11,49,0.224489796
GSW,NOP,3/28/2023,77,12,43,0.279069767
NOP,GSW,3/28/2023,76,15,48,0.3125
HOU,BKN,3/29/2023,77,22,56,0.392857143
MIA,NYK,3/29/2023,77,8,46,0.173913043
IND,MIL,3/29/2023,77,10,51,0.196078431
MIL,IND,3/29/2023,76,16,38,0.421052632
NYK,MIA,3/29/2023,77,11,43,0.255813953
SAC,POR,3/29/2023,76,13,52,0.25
POR,SAC,3/29/2023,76,11,64,0.171875
MIN,PHX,3/29/2023,77,19,53,0.358490566
PHX,MIN,3/29/2023,76,18,59,0.305084746
BKN,HOU,3/29/2023,76,9,43,0.209302326
PHI,DAL,3/29/2023,76,14,46,0.304347826
SAS,UTA,3/29/2023,76,14,52,0.269230769
MEM,LAC,3/29/2023,76,17,49,0.346938776
DAL,PHI,3/29/2023,77,12,46,0.260869565
UTA,SAS,3/29/2023,76,9,42,0.214285714
LAL,CHI,3/29/2023,76,17,43,0.395348837
CHI,LAL,3/29/2023,76,9,44,0.204545455
OKC,DET,3/29/2023,77,14,49,0.285714286
DET,OKC,3/29/2023,76,12,42,0.285714286
LAC,MEM,3/29/2023,77,3,36,0.083333333
BOS,MIL,3/30/2023,77,10,42,0.238095238
MIL,BOS,3/30/2023,77,22,65,0.338461538
DEN,NOP,3/30/2023,76,15,54,0.277777778
NOP,DEN,3/30/2023,77,11,44,0.25
NYK,CLE,3/31/2023,78,19,50,0.38
CLE,NYK,3/31/2023,78,8,43,0.186046512
CHA,CHI,3/31/2023,78,9,44,0.204545455
OKC,IND,3/31/2023,78,13,49,0.265306122
TOR,PHI,3/31/2023,77,18,46,0.391304348
WAS,ORL,3/31/2023,77,21,65,0.323076923
IND,OKC,3/31/2023,78,24,58,0.413793103
ORL,WAS,3/31/2023,77,10,47,0.212765957
PHI,TOR,3/31/2023,77,13,33,0.393939394
UTA,BOS,3/31/2023,77,16,51,0.31372549
MEM,LAC,3/31/2023,77,14,56,0.25
CHI,CHA,3/31/2023,77,10,45,0.222222222
BKN,ATL,3/31/2023,77,10,40,0.25
BOS,UTA,3/31/2023,78,14,55,0.254545455
ATL,BKN,3/31/2023,77,20,54,0.37037037
LAC,MEM,3/31/2023,78,13,57,0.228070175
DET,HOU,3/31/2023,77,16,51,0.31372549
MIN,LAL,3/31/2023,78,13,55,0.236363636
HOU,DET,3/31/2023,78,19,49,0.387755102
LAL,MIN,3/31/2023,77,18,47,0.382978723
DEN,PHX,3/31/2023,77,18,60,0.3
PHX,DEN,3/31/2023,77,17,54,0.314814815
SAC,POR,3/31/2023,77,10,36,0.277777778
SAS,GSW,3/31/2023,77,18,53,0.339622642
POR,SAC,3/31/2023,77,15,50,0.3
GSW,SAS,3/31/2023,78,17,51,0.333333333
NOP,LAC,4/1/2023,78,16,46,0.347826087
DAL,MIA,4/1/2023,78,1,30,0.033333333
LAC,NOP,4/1/2023,79,15,45,0.333333333
MIA,DAL,4/1/2023,78,13,43,0.302325581
CHA,TOR,4/2/2023,79,13,44,0.295454545
TOR,CHA,4/2/2023,78,20,48,0.416666667
MEM,CHI,4/2/2023,78,11,46,0.239130435
CHI,MEM,4/2/2023,78,6,47,0.127659574
POR,MIN,4/2/2023,78,14,57,0.245614035
MIN,POR,4/2/2023,79,9,43,0.209302326
BKN,UTA,4/2/2023,78,9,51,0.176470588
UTA,BKN,4/2/2023,78,16,54,0.296296296
WAS,NYK,4/2/2023,78,8,41,0.195121951
NYK,WAS,4/2/2023,79,9,44,0.204545455
DAL,ATL,4/2/2023,79,13,52,0.25
SAC,SAS,4/2/2023,78,19,58,0.327586207
SAS,SAC,4/2/2023,78,17,48,0.354166667
DET,ORL,4/2/2023,78,13,50,0.26
ORL,DET,4/2/2023,78,10,39,0.256410256
ATL,DAL,4/2/2023,78,19,60,0.316666667
HOU,LAL,4/2/2023,79,18,60,0.3
LAL,HOU,4/2/2023,78,12,44,0.272727273
OKC,PHX,4/2/2023,79,20,56,0.357142857
PHX,OKC,4/2/2023,78,7,37,0.189189189
CLE,IND,4/2/2023,79,14,48,0.291666667
MIL,PHI,4/2/2023,78,11,37,0.297297297
IND,CLE,4/2/2023,79,15,49,0.306122449
GSW,DEN,4/2/2023,79,29,63,0.46031746
PHI,MIL,4/2/2023,78,12,48,0.25
DEN,GSW,4/2/2023,78,21,56,0.375
TOR,CHA,4/4/2023,79,12,49,0.244897959
MIA,DET,4/4/2023,79,9,39,0.230769231
MIN,BKN,4/4/2023,80,13,47,0.276595745
BKN,MIN,4/4/2023,79,14,53,0.264150943
CHA,TOR,4/4/2023,80,9,41,0.219512195
CLE,ORL,4/4/2023,80,9,44,0.204545455
ORL,CLE,4/4/2023,79,15,44,0.340909091
MIL,WAS,4/4/2023,79,16,51,0.31372549
DET,MIA,4/4/2023,79,8,38,0.210526316
WAS,MIL,4/4/2023,79,10,55,0.181818182
MEM,POR,4/4/2023,79,9,47,0.191489362
POR,MEM,4/4/2023,79,15,58,0.25862069
UTA,LAL,4/4/2023,79,9,46,0.195652174
LAL,UTA,4/4/2023,79,15,52,0.288461538
ATL,CHI,4/4/2023,79,11,39,0.282051282
PHI,BOS,4/4/2023,79,9,40,0.225
BOS,PHI,4/4/2023,79,19,56,0.339285714
SAC,NOP,4/4/2023,79,13,45,0.288888889
CHI,ATL,4/4/2023,79,6,48,0.125
NOP,SAC,4/4/2023,79,15,49,0.306122449
PHX,SAS,4/4/2023,79,20,49,0.408163265
SAS,PHX,4/4/2023,79,13,57,0.228070175
DEN,HOU,4/4/2023,79,14,51,0.274509804
HOU,DEN,4/4/2023,80,25,60,0.416666667
GSW,OKC,4/4/2023,80,23,52,0.442307692
OKC,GSW,4/4/2023,80,15,55,0.272727273
DET,BKN,4/5/2023,80,13,43,0.302325581
BKN,DET,4/5/2023,80,16,44,0.363636364
NYK,IND,4/5/2023,80,25,53,0.471698113
IND,NYK,4/5/2023,80,13,45,0.288888889
CHI,MIL,4/5/2023,80,7,48,0.145833333
ATL,WAS,4/5/2023,80,14,42,0.333333333
MIL,CHI,4/5/2023,80,16,54,0.296296296
BOS,TOR,4/5/2023,80,18,55,0.327272727
WAS,ATL,4/5/2023,80,15,53,0.283018868
TOR,BOS,4/5/2023,80,15,55,0.272727273
SAC,DAL,4/5/2023,80,27,61,0.442622951
MEM,NOP,4/5/2023,80,19,58,0.327586207
DAL,SAC,4/5/2023,80,10,46,0.217391304
NOP,MEM,4/5/2023,80,13,50,0.26
LAC,LAL,4/5/2023,80,5,41,0.12195122
LAL,LAC,4/5/2023,80,11,46,0.239130435
ORL,CLE,4/6/2023,80,15,50,0.3
PHI,MIA,4/6/2023,80,4,38,0.105263158
UTA,OKC,4/6/2023,80,7,44,0.159090909
MIA,PHI,4/6/2023,80,11,40,0.275
SAS,POR,4/6/2023,80,25,60,0.416666667
POR,SAS,4/6/2023,80,14,47,0.29787234
DEN,PHX,4/6/2023,80,15,42,0.357142857
OKC,UTA,4/6/2023,81,21,61,0.344262295
CLE,ORL,4/6/2023,81,10,42,0.238095238
PHX,DEN,4/6/2023,80,10,41,0.243902439
GSW,SAC,4/7/2023,81,15,39,0.384615385
PHX,LAL,4/7/2023,81,17,63,0.26984127
SAC,GSW,4/7/2023,81,20,62,0.322580645
LAL,PHX,4/7/2023,81,13,48,0.270833333
MIA,WAS,4/7/2023,81,16,58,0.275862069
ORL,BKN,4/7/2023,81,20,57,0.350877193
IND,DET,4/7/2023,81,12,46,0.260869565
CHA,HOU,4/7/2023,81,14,52,0.269230769
DET,IND,4/7/2023,81,12,49,0.244897959
HOU,CHA,4/7/2023,81,16,51,0.31372549
BKN,ORL,4/7/2023,81,12,54,0.222222222
BOS,TOR,4/7/2023,81,16,39,0.41025641
WAS,MIA,4/7/2023,81,14,49,0.285714286
TOR,BOS,4/7/2023,81,15,56,0.267857143
PHI,ATL,4/7/2023,81,17,54,0.314814815
NYK,NOP,4/7/2023,81,12,54,0.222222222
MIL,MEM,4/7/2023,81,16,51,0.31372549
NOP,NYK,4/7/2023,81,6,38,0.157894737
ATL,PHI,4/7/2023,81,6,47,0.127659574
MEM,MIL,4/7/2023,81,12,42,0.285714286
CHI,DAL,4/7/2023,81,8,45,0.177777778
DAL,CHI,4/7/2023,81,10,54,0.185185185
DEN,UTA,4/8/2023,81,8,52,0.153846154
UTA,DEN,4/8/2023,81,20,58,0.344827586
LAC,POR,4/8/2023,81,17,46,0.369565217
POR,LAC,4/8/2023,81,7,46,0.152173913
SAS,MIN,4/8/2023,81,13,47,0.276595745
MIN,SAS,4/8/2023,81,12,49,0.244897959
MIL,TOR,4/9/2023,82,7,46,0.152173913
TOR,MIL,4/9/2023,82,11,47,0.234042553
NYK,IND,4/9/2023,82,22,60,0.366666667
NOP,MIN,4/9/2023,82,16,52,0.307692308
HOU,WAS,4/9/2023,82,13,52,0.25
CHA,CLE,4/9/2023,82,13,46,0.282608696
CLE,CHA,4/9/2023,82,13,54,0.240740741
CHI,DET,4/9/2023,82,12,57,0.210526316
ATL,BOS,4/9/2023,82,17,54,0.314814815
WAS,HOU,4/9/2023,82,16,58,0.275862069
BKN,PHI,4/9/2023,82,11,50,0.22
BOS,ATL,4/9/2023,82,14,48,0.291666667
DET,CHI,4/9/2023,82,18,55,0.327272727
PHI,BKN,4/9/2023,82,18,51,0.352941176
MIA,ORL,4/9/2023,82,10,41,0.243902439
ORL,MIA,4/9/2023,82,15,56,0.267857143
IND,NYK,4/9/2023,82,9,46,0.195652174
OKC,MEM,4/9/2023,82,13,47,0.276595745
PHX,LAC,4/9/2023,82,16,59,0.271186441
DEN,SAC,4/9/2023,82,21,46,0.456521739
LAL,UTA,4/9/2023,82,13,52,0.25
DAL,SAS,4/9/2023,82,9,65,0.138461538
SAS,DAL,4/9/2023,82,16,57,0.280701754
GSW,POR,4/9/2023,82,9,38,0.236842105
UTA,LAL,4/9/2023,82,10,51,0.196078431
LAC,PHX,4/9/2023,82,18,56,0.321428571
MEM,OKC,4/9/2023,82,12,55,0.218181818
POR,GSW,4/9/2023,82,11,61,0.180327869
SAC,DEN,4/9/2023,82,12,50,0.24
MIN,NOP,4/9/2023,82,11,49,0.224489796
